<?xml version="1.0" encoding="UTF-8"?>
<project xmlns="http://cordis.europa.eu">
  
  
	
	
  
  <language>en</language>
  
  
	
  
  <availableLanguages>en</availableLanguages>
  
  
	
  
  <rcn>196071</rcn>
  
  
	
	
  
  <reference>661214</reference>
  
  
	
	
  
  <acronym>CURAS</acronym>
  
  
	
	
  
  <teaser>This project will determine if dolphins possess representational understanding of individual-specific signature whistles (SW). Dolphin SWs are a created and learned social signal and are thought to function similar to human names. We will examine parallels between dolphin use ...</teaser>
  
  
	
	
  
  <objective>This project will determine if dolphins possess representational understanding of individual-specific signature whistles (SW). Dolphin SWs are a created and learned social signal and are thought to function similar to human names. We will examine parallels between dolphin use of SW and human use of acoustic labels which will give us an understanding of representational signalling systems outside of human communication. Research from the host organization has demonstrated that dolphins use innovated and learned contours to address specific individuals, and research conducted by the fellowship applicant has shown that dolphins maintain the memory of these contours for over 20 years. The next step for both programs is to determine if SWs are representational (i.e. do the SWs elicit a mental image of the caller in the minds of the receiver).  Establishing this would show that SWs do function similarly to human names and that long-term memory for these whistles is tantamount to long-term memory for social partners. Furthermore, demonstrating a representational relationship between a signaller and signal in SWs would provide a true understanding of mental representations elicited by signals in a non-humans animal species, something that is extremely difficult to demonstrate in animal communication. To do this, we will first assess the dolphins’ ability to identify conspecifics by gustatory recognition of excreta. Then, using the practice of cross-modal playbacks of sound and chemical cues, we will look for response differences between matches and mismatches of individual identity coded through the two modalities.</objective>
  
  
	
	
  
  <title>Cetacean Use of Representational Acoustic Signals</title>
  
  
	
	
  
  <totalCost>195454.8</totalCost>
  
  
	
	
  
  <ecMaxContribution>195454.8</ecMaxContribution>
  
  
	
	
  
  <endDate>2017-05-01</endDate>
  
  
	
	
  
  <contract>
    
    
		
    
    <duration>24</duration>
    
    
	
  
  </contract>
  
  
	
  
  <status>SIGNED</status>
  
  
	
	
  
  <contentCreationDate>2015-05-05 20:03:10</contentCreationDate>
  
  
	
	
  
  <contentUpdateDate>2015-05-05 20:03:10</contentUpdateDate>
  
  
	
	
  
  <lastUpdateDate>2015-05-05 20:03:10</lastUpdateDate>
  
  
	
	
  
  <relations>
    
    
		
    
    <associations>
      
      
			
      
      
			
      
      
			
      
      
			
      
      
		
    
        
				
        
      <programme type="relatedProgramme">
        
          
					
          
        <availableLanguages>en</availableLanguages>
        
          
					
          
        <rcn>664113</rcn>
        
          
					
          
        <code>H2020-EU.1.3.2.</code>
        
          
					
          
        <pga>H2020-EU.1.3.2.</pga>
        
          
					
          
        <title>Nurturing excellence by means of cross-border and cross-sector mobility</title>
        
          
					
          
        <parent>
          
            
						
            
          <parent>
            
              
							
              
            <programme>
              
                
								
                
              <rcn>664109</rcn>
              
                
								
                
              <code>H2020-EU.1.3.</code>
              
                
								
                
              <parent>
                
                  
									
                  
                <parent>
                  
                    
										
                    
                  <programme>
                    
                      
											
                      
                    <rcn>664091</rcn>
                    
                      
											
                      
                    <code>H2020-EU.1.</code>
                    
                      
											
                      
                    <parent>
                      
                        
												
                        
                      <parent>
                        
                          
													
                          
                        <programme>
                          
                            
														
                            
                          <rcn>664087</rcn>
                          
                            
														
                            
                          <code>H2020-EC</code>
                          
                            
														
                            
                          <parent>
                            
                              
															
                              
                            <parent>
                              
                                
																
                                
                              <programme>
                                
                                  
																	
                                  
                                <rcn>664086</rcn>
                                
                                  
																	
                                  
                                <code>H2020</code>
                                
                                  
																
                                
                              </programme>
                              
                                
															
                              
                            </parent>
                            
                              
														
                            
                          </parent>
                          
                            
													
                          
                        </programme>
                        
                          
												
                        
                      </parent>
                      
                        
											
                      
                    </parent>
                    
                      
										
                    
                  </programme>
                  
                    
									
                  
                </parent>
                
                  
								
                
              </parent>
              
                
							
              
            </programme>
            
              
						
            
          </parent>
          
            
					
          
        </parent>
        
          
				
        
      </programme>
      
        
			
      
        
				
        
      <programme type="relatedSubProgramme">
        
          
					
          
        <availableLanguages>en,any</availableLanguages>
        
          
					
          
        <rcn>664546</rcn>
        
          
					
          
        <code>MSCA-IF-2014-EF</code>
        
          
					
          
        <title>Marie Skłodowska-Curie Individual Fellowships (IF-EF)</title>
        
          
					
          
        <parent>
          
            
						
            
          <parent>
            
              
							
              
            <programme>
              
                
								
                
              <rcn>20200</rcn>
              
                
								
                
              <code>H2020-Topics</code>
              
                
							
              
            </programme>
            
              
						
            
          </parent>
          
            
					
          
        </parent>
        
          
				
        
      </programme>
      
        
			
      
        
				
        
      <call type="relatedCall">
        
          
					
          
        <rcn>183</rcn>
        
          
					
          
        <title>H2020-MSCA-IF-2014</title>
        
          
					
          
        <identifier>H2020-MSCA-IF-2014</identifier>
        
          
				
        
      </call>
      
        
			
      
        
				
        
      <organization ecContribution="195454.8" order="1" terminated="false" type="coordinator">
        
          
					
          
        <availableLanguages>en</availableLanguages>
        
          
					
          
        <rcn>2246900</rcn>
        
          
					
          
        <legalName>THE UNIVERSITY COURT OF THE UNIVERSITY OF ST ANDREWS</legalName>
        
          
					
          
        <shortName>USTAN</shortName>
        
          
					
          
        <address>
          
            
						
            
          <country>UK</country>
          
            
					
          
        </address>
        
          
					
          
        <relations>
          
            
						
            
          <regions>
            
              
							
              
              
						
            
                
								
                
            <region type="relatedRegion">
              
                  
									
                  
              <rcn>508725800</rcn>
              
                  
									
                  
              <name>United Kingdom</name>
              
                  
									
                  
              <nutsCode>UK</nutsCode>
              
                  
									
                  
              <euCode>UK</euCode>
              
                  
									
                  
              <isoCode>GB</isoCode>
              
                  
									
                  
              <parents>
                
                    
										
                    
                <parents>
                  
                      
											
                      
                  <region>
                    
                        
												
                        
                    <rcn>4</rcn>
                    
                        
												
                        
                    <nutsCode>regionWorld</nutsCode>
                    
                        
												
                        
                    <euCode>regionWorld</euCode>
                    
                        
												
                        
                    <isoCode>regionWorld</isoCode>
                    
                        
											
                      
                  </region>
                  
                      
										
                    
                </parents>
                
                    
										
                    
                <parents>
                  
                      
											
                      
                  <region>
                    
                        
												
                        
                    <rcn>5</rcn>
                    
                        
												
                        
                    <nutsCode>regionEuMemberstate</nutsCode>
                    
                        
												
                        
                    <euCode>regionEuMemberstate</euCode>
                    
                        
												
                        
                    <isoCode>regionEuMemberstate</isoCode>
                    
                        
											
                      
                  </region>
                  
                      
										
                    
                </parents>
                
                    
										
                    
                <parents>
                  
                      
											
                      
                  <region>
                    
                        
												
                        
                    <rcn>6</rcn>
                    
                        
												
                        
                    <nutsCode>regionEuAssociated</nutsCode>
                    
                        
												
                        
                    <euCode>regionEuAssociated</euCode>
                    
                        
												
                        
                    <isoCode>regionEuAssociated</isoCode>
                    
                        
											
                      
                  </region>
                  
                      
										
                    
                </parents>
                
                    
									
                  
              </parents>
              
                  
								
                
            </region>
            
                
							
              
          </regions>
          
            
						
            
          <categories>
            
              
							
              
            <category classification="organizationActivityType" type="relatedOrganizationActivityType">
              
                
								
                
              <code>HES</code>
              
                
								
                
                
							
              
            </category>
            
              
						
            
          </categories>
          
            
					
          
        </relations>
        
          
				
        
      </organization>
      
        
			
      
    </associations>
    
    
		
    
    <categories>
      
      
			
      
      <category classification="projectFundingSchemeCategory" type="relatedProjectFundingSchemeCategory">
        
        
				
        
        <availableLanguages>en</availableLanguages>
        
        
				
        
        <code>MSCA-IF-EF-ST</code>
        
        
				
        
        
			
      
      </category>
      
      
		
    
    </categories>
    
    
	
  
  </relations>
  
  
	


</project>

