<?xml version="1.0" encoding="UTF-8"?>
<project xmlns="http://cordis.europa.eu">
  
  
	
	
  
  <language>en</language>
  
  
	
  
  <availableLanguages>en</availableLanguages>
  
  
	
  
  <rcn>195559</rcn>
  
  
	
	
  
  <reference>658162</reference>
  
  
	
	
  
  <acronym>HORIP</acronym>
  
  
	
	
  
  <teaser>"The HORIP project will employ higher-order term rewriting to characterise intensional program properties: properties concerned with ""how"" rather than ""what"" a program computes, such as complexity, compressibility and safety.

Term rewriting is a formal system which can be...</teaser>
  
  
	
	
  
  <objective>"The HORIP project will employ higher-order term rewriting to characterise intensional program properties: properties concerned with ""how"" rather than ""what"" a program computes, such as complexity, compressibility and safety.

Term rewriting is a formal system which can be used to specify algorithms. Unlike common programming languages, term rewriting has a simple, formal definition which admits non-determinism. Higher-order term rewriting is an extension therof, which shares these advantages but has greater expressivity.

To analyse program properties, we may either use dedicated techniques, or translate queries into different fields, with term rewriting as a powerful option. In doing so, methods from widely different areas can be applied.

HORIP aims to analyse intensional properties using higher-order term rewriting. The first phase will attack two lines of research ripe for success: implicit complexity and compiler correctness. For the former, the supervisor is an expert in complexity and the fellow in higher-order term rewriting. For the latter, we will work together with industry collaborator Dr. Rose, who develops the CRSX framework which seeks to describe compilers using a special form of higher-order term rewriting. Leveraging the expertise of all three parties and potential local collaborators, strong results are expected, especially since the higher-order setting avoids many intrinsic limitations of previous work. In the second phase, we extend these ideas to complexity and compressibility of logical circuits. This builds on the first year's experience with implicit complexity, and the expertise of the scientist-in-charge.

HORIP is basic research, building on very recent advances from several international research groups. There are potential future business applications, as well as also purely theoretical goals. All results and related code will be published open source, so as to aid both basic and applied followup research.
"</objective>
  
  
	
	
  
  <title>Higher-Order Rewriting for Intensional Properties of Programs and Circuits</title>
  
  
	
	
  
  <totalCost>200194.8</totalCost>
  
  
	
	
  
  <ecMaxContribution>200194.8</ecMaxContribution>
  
  
	
	
  
  <endDate>2017-05-01</endDate>
  
  
	
	
  
  <contract>
    
    
		
    
    <duration>24</duration>
    
    
	
  
  </contract>
  
  
	
  
  <status>SIGNED</status>
  
  
	
	
  
  <contentCreationDate>2015-05-05 19:19:58</contentCreationDate>
  
  
	
	
  
  <contentUpdateDate>2015-05-05 19:19:58</contentUpdateDate>
  
  
	
	
  
  <lastUpdateDate>2015-05-05 19:19:58</lastUpdateDate>
  
  
	
	
  
  <relations>
    
    
		
    
    <associations>
      
      
			
      
      
			
      
      
			
      
      
			
      
      
		
    
        
				
        
      <programme type="relatedProgramme">
        
          
					
          
        <availableLanguages>en</availableLanguages>
        
          
					
          
        <rcn>664113</rcn>
        
          
					
          
        <code>H2020-EU.1.3.2.</code>
        
          
					
          
        <pga>H2020-EU.1.3.2.</pga>
        
          
					
          
        <title>Nurturing excellence by means of cross-border and cross-sector mobility</title>
        
          
					
          
        <parent>
          
            
						
            
          <parent>
            
              
							
              
            <programme>
              
                
								
                
              <rcn>664109</rcn>
              
                
								
                
              <code>H2020-EU.1.3.</code>
              
                
								
                
              <parent>
                
                  
									
                  
                <parent>
                  
                    
										
                    
                  <programme>
                    
                      
											
                      
                    <rcn>664091</rcn>
                    
                      
											
                      
                    <code>H2020-EU.1.</code>
                    
                      
											
                      
                    <parent>
                      
                        
												
                        
                      <parent>
                        
                          
													
                          
                        <programme>
                          
                            
														
                            
                          <rcn>664087</rcn>
                          
                            
														
                            
                          <code>H2020-EC</code>
                          
                            
														
                            
                          <parent>
                            
                              
															
                              
                            <parent>
                              
                                
																
                                
                              <programme>
                                
                                  
																	
                                  
                                <rcn>664086</rcn>
                                
                                  
																	
                                  
                                <code>H2020</code>
                                
                                  
																
                                
                              </programme>
                              
                                
															
                              
                            </parent>
                            
                              
														
                            
                          </parent>
                          
                            
													
                          
                        </programme>
                        
                          
												
                        
                      </parent>
                      
                        
											
                      
                    </parent>
                    
                      
										
                    
                  </programme>
                  
                    
									
                  
                </parent>
                
                  
								
                
              </parent>
              
                
							
              
            </programme>
            
              
						
            
          </parent>
          
            
					
          
        </parent>
        
          
				
        
      </programme>
      
        
			
      
        
				
        
      <programme type="relatedSubProgramme">
        
          
					
          
        <availableLanguages>en,any</availableLanguages>
        
          
					
          
        <rcn>664546</rcn>
        
          
					
          
        <code>MSCA-IF-2014-EF</code>
        
          
					
          
        <title>Marie Skłodowska-Curie Individual Fellowships (IF-EF)</title>
        
          
					
          
        <parent>
          
            
						
            
          <parent>
            
              
							
              
            <programme>
              
                
								
                
              <rcn>20200</rcn>
              
                
								
                
              <code>H2020-Topics</code>
              
                
							
              
            </programme>
            
              
						
            
          </parent>
          
            
					
          
        </parent>
        
          
				
        
      </programme>
      
        
			
      
        
				
        
      <call type="relatedCall">
        
          
					
          
        <rcn>183</rcn>
        
          
					
          
        <title>H2020-MSCA-IF-2014</title>
        
          
					
          
        <identifier>H2020-MSCA-IF-2014</identifier>
        
          
				
        
      </call>
      
        
			
      
        
				
        
      <organization ecContribution="200194.8" order="1" terminated="false" type="coordinator">
        
          
					
          
        <availableLanguages>en</availableLanguages>
        
          
					
          
        <rcn>2246388</rcn>
        
          
					
          
        <legalName>KOBENHAVNS UNIVERSITET</legalName>
        
          
					
          
        <shortName>UCPH</shortName>
        
          
					
          
        <address>
          
            
						
            
          <country>DK</country>
          
            
					
          
        </address>
        
          
					
          
        <relations>
          
            
						
            
          <regions>
            
              
							
              
              
						
            
                
								
                
            <region type="relatedRegion">
              
                  
									
                  
              <rcn>223513128</rcn>
              
                  
									
                  
              <name>Denmark</name>
              
                  
									
                  
              <nutsCode>DK</nutsCode>
              
                  
									
                  
              <euCode>DK</euCode>
              
                  
									
                  
              <isoCode>DK</isoCode>
              
                  
									
                  
              <parents>
                
                    
										
                    
                <parents>
                  
                      
											
                      
                  <region>
                    
                        
												
                        
                    <rcn>4</rcn>
                    
                        
												
                        
                    <nutsCode>regionWorld</nutsCode>
                    
                        
												
                        
                    <euCode>regionWorld</euCode>
                    
                        
												
                        
                    <isoCode>regionWorld</isoCode>
                    
                        
											
                      
                  </region>
                  
                      
										
                    
                </parents>
                
                    
										
                    
                <parents>
                  
                      
											
                      
                  <region>
                    
                        
												
                        
                    <rcn>5</rcn>
                    
                        
												
                        
                    <nutsCode>regionEuMemberstate</nutsCode>
                    
                        
												
                        
                    <euCode>regionEuMemberstate</euCode>
                    
                        
												
                        
                    <isoCode>regionEuMemberstate</isoCode>
                    
                        
											
                      
                  </region>
                  
                      
										
                    
                </parents>
                
                    
										
                    
                <parents>
                  
                      
											
                      
                  <region>
                    
                        
												
                        
                    <rcn>6</rcn>
                    
                        
												
                        
                    <nutsCode>regionEuAssociated</nutsCode>
                    
                        
												
                        
                    <euCode>regionEuAssociated</euCode>
                    
                        
												
                        
                    <isoCode>regionEuAssociated</isoCode>
                    
                        
											
                      
                  </region>
                  
                      
										
                    
                </parents>
                
                    
									
                  
              </parents>
              
                  
								
                
            </region>
            
                
							
              
          </regions>
          
            
						
            
          <categories>
            
              
							
              
            <category classification="organizationActivityType" type="relatedOrganizationActivityType">
              
                
								
                
              <code>HES</code>
              
                
								
                
                
							
              
            </category>
            
              
						
            
          </categories>
          
            
					
          
        </relations>
        
          
				
        
      </organization>
      
        
			
      
    </associations>
    
    
		
    
    <categories>
      
      
			
      
      <category classification="projectFundingSchemeCategory" type="relatedProjectFundingSchemeCategory">
        
        
				
        
        <availableLanguages>en</availableLanguages>
        
        
				
        
        <code>MSCA-IF-EF-ST</code>
        
        
				
        
        
			
      
      </category>
      
      
		
    
    </categories>
    
    
	
  
  </relations>
  
  
	


</project>

