<?xml version="1.0" encoding="UTF-8"?>
<project xmlns="http://cordis.europa.eu">
  
  
	
	
  
  <language>en</language>
  
  
	
  
  <availableLanguages>en</availableLanguages>
  
  
	
  
  <rcn>193691</rcn>
  
  
	
	
  
  <reference>640159</reference>
  
  
	
	
  
  <acronym>MST</acronym>
  
  
	
	
  
  <teaser>"The purpose of the proposed research is to forward the understanding of the umbral moonshine discovered recently by myself. I plan to study it in the context of string theory. Moreover, I aim to use this new discovery to gain a deeper understanding of certain fundamental aspe...</teaser>
  
  
	
	
  
  <objective>"The purpose of the proposed research is to forward the understanding of the umbral moonshine discovered recently by myself. I plan to study it in the context of string theory. Moreover, I aim to use this new discovery to gain a deeper understanding of certain fundamental aspects of the theory. 

The term moonshine refers to the astonishing and puzzling relation between functions with special symmetries (modular properties) and finite groups. The novel type of moonshine involves the so-called mock modular forms, and was first noticed in the study of K3 surfaces. In a recent paper I constructed 23 instances of such a new ""umbral moonshine"" phenomenon  in a completely uniform way using the 23 special lattices classified by Niemeier as the starting point, and thereby provided the general framework in which this paradigm should be studied.  

From a physical point of view, it is well-known that K3 surfaces play a crucial role in not only the specific constructions of compactifications but also the fundamental dualities in string theory. Hence, the new quantum symmetries of K3 surfaces, as suggested by umbral moonshine, will have a wide range of important implications for string theory. Moreover, I believe the solution of the moonshine puzzle will lead to a new understanding of the long sought-after algebraic structure of the supersymmetric (or BPS) spectrum of supersymmetric quantum theories. More ambitiously, I aim to draw lessons from these special theories with large symmetries to shed light on the structure of the ""landscape"" of string theory vacua. 

From a mathematical point of view, to understand and to prove such a mysterious and beautiful relation would be a triumph in its own right. Moreover, the development of umbral moonshine will undoubtedly lead to new important results in the study automorphic forms, K3 geometry, and extended algebras."</objective>
  
  
	
	
  
  <title>Moonshine and String Theory</title>
  
  
	
	
  
  <totalCost>1256624</totalCost>
  
  
	
	
  
  <ecMaxContribution>1256624</ecMaxContribution>
  
  
	
	
  
  <startDate>2015-09-01</startDate>
  
  
	
	
  
  <endDate>2020-09-01</endDate>
  
  
	
	
  
  <contract>
    
    
		
    
    <duration>60</duration>
    
    
	
  
  </contract>
  
  
	
  
  <status>SIGNED</status>
  
  
	
	
  
  <contentCreationDate>2015-05-05 16:39:27</contentCreationDate>
  
  
	
	
  
  <contentUpdateDate>2015-05-05 16:39:27</contentUpdateDate>
  
  
	
	
  
  <lastUpdateDate>2015-05-05 16:39:27</lastUpdateDate>
  
  
	
	
  
  <relations>
    
    
		
    
    <associations>
      
      
			
      
      
			
      
      
			
      
      
			
      
      
		
    
        
				
        
      <programme type="relatedProgramme">
        
          
					
          
        <availableLanguages>en</availableLanguages>
        
          
					
          
        <rcn>664099</rcn>
        
          
					
          
        <code>H2020-EU.1.1.</code>
        
          
					
          
        <pga>H2020-EU.1.1.</pga>
        
          
					
          
        <title>European Research Council</title>
        
          
					
          
        <parent>
          
            
						
            
          <parent>
            
              
							
              
            <programme>
              
                
								
                
              <rcn>664091</rcn>
              
                
								
                
              <code>H2020-EU.1.</code>
              
                
								
                
              <parent>
                
                  
									
                  
                <parent>
                  
                    
										
                    
                  <programme>
                    
                      
											
                      
                    <rcn>664087</rcn>
                    
                      
											
                      
                    <code>H2020-EC</code>
                    
                      
											
                      
                    <parent>
                      
                        
												
                        
                      <parent>
                        
                          
													
                          
                        <programme>
                          
                            
														
                            
                          <rcn>664086</rcn>
                          
                            
														
                            
                          <code>H2020</code>
                          
                            
													
                          
                        </programme>
                        
                          
												
                        
                      </parent>
                      
                        
											
                      
                    </parent>
                    
                      
										
                    
                  </programme>
                  
                    
									
                  
                </parent>
                
                  
								
                
              </parent>
              
                
							
              
            </programme>
            
              
						
            
          </parent>
          
            
					
          
        </parent>
        
          
				
        
      </programme>
      
        
			
      
        
				
        
      <programme type="relatedSubProgramme">
        
          
					
          
        <availableLanguages>en,any</availableLanguages>
        
          
					
          
        <rcn>664783</rcn>
        
          
					
          
        <code>ERC-StG-2014</code>
        
          
					
          
        <title>ERC Starting Grant</title>
        
          
					
          
        <parent>
          
            
						
            
          <parent>
            
              
							
              
            <programme>
              
                
								
                
              <rcn>20200</rcn>
              
                
								
                
              <code>H2020-Topics</code>
              
                
							
              
            </programme>
            
              
						
            
          </parent>
          
            
					
          
        </parent>
        
          
				
        
      </programme>
      
        
			
      
        
				
        
      <call type="relatedCall">
        
          
					
          
        <rcn>408</rcn>
        
          
					
          
        <title>ERC-2014-STG</title>
        
          
					
          
        <identifier>ERC-2014-STG</identifier>
        
          
				
        
      </call>
      
        
			
      
        
				
        
      <organization ecContribution="1256624" order="1" terminated="false" type="coordinator">
        
          
					
          
        <availableLanguages>en</availableLanguages>
        
          
					
          
        <rcn>2236983</rcn>
        
          
					
          
        <legalName>UNIVERSITEIT VAN AMSTERDAM</legalName>
        
          
					
          
        <shortName>UvA</shortName>
        
          
					
          
        <address>
          
            
						
            
          <country>NL</country>
          
            
					
          
        </address>
        
          
					
          
        <relations>
          
            
						
            
          <regions>
            
              
							
              
              
						
            
                
								
                
            <region type="relatedRegion">
              
                  
									
                  
              <rcn>391547432</rcn>
              
                  
									
                  
              <name>Netherlands</name>
              
                  
									
                  
              <nutsCode>NL</nutsCode>
              
                  
									
                  
              <euCode>NL</euCode>
              
                  
									
                  
              <isoCode>NL</isoCode>
              
                  
									
                  
              <parents>
                
                    
										
                    
                <parents>
                  
                      
											
                      
                  <region>
                    
                        
												
                        
                    <rcn>4</rcn>
                    
                        
												
                        
                    <nutsCode>regionWorld</nutsCode>
                    
                        
												
                        
                    <euCode>regionWorld</euCode>
                    
                        
												
                        
                    <isoCode>regionWorld</isoCode>
                    
                        
											
                      
                  </region>
                  
                      
										
                    
                </parents>
                
                    
										
                    
                <parents>
                  
                      
											
                      
                  <region>
                    
                        
												
                        
                    <rcn>5</rcn>
                    
                        
												
                        
                    <nutsCode>regionEuMemberstate</nutsCode>
                    
                        
												
                        
                    <euCode>regionEuMemberstate</euCode>
                    
                        
												
                        
                    <isoCode>regionEuMemberstate</isoCode>
                    
                        
											
                      
                  </region>
                  
                      
										
                    
                </parents>
                
                    
										
                    
                <parents>
                  
                      
											
                      
                  <region>
                    
                        
												
                        
                    <rcn>6</rcn>
                    
                        
												
                        
                    <nutsCode>regionEuAssociated</nutsCode>
                    
                        
												
                        
                    <euCode>regionEuAssociated</euCode>
                    
                        
												
                        
                    <isoCode>regionEuAssociated</isoCode>
                    
                        
											
                      
                  </region>
                  
                      
										
                    
                </parents>
                
                    
									
                  
              </parents>
              
                  
								
                
            </region>
            
                
							
              
          </regions>
          
            
						
            
          <categories>
            
              
							
              
            <category classification="organizationActivityType" type="relatedOrganizationActivityType">
              
                
								
                
              <code>HES</code>
              
                
								
                
                
							
              
            </category>
            
              
						
            
          </categories>
          
            
					
          
        </relations>
        
          
				
        
      </organization>
      
        
			
      
    </associations>
    
    
		
    
    <categories>
      
      
			
      
      <category classification="projectFundingSchemeCategory" type="relatedProjectFundingSchemeCategory">
        
        
				
        
        <availableLanguages>en</availableLanguages>
        
        
				
        
        <code>ERC-STG</code>
        
        
				
        
        
			
      
      </category>
      
      
		
    
    </categories>
    
    
	
  
  </relations>
  
  
	


</project>

