<?xml version="1.0" encoding="UTF-8"?>
<project xmlns="http://cordis.europa.eu">
  
  
	
	
  
  <language>en</language>
  
  
	
  
  <availableLanguages>en</availableLanguages>
  
  
	
  
  <rcn>194469</rcn>
  
  
	
	
  
  <reference>646717</reference>
  
  
	
	
  
  <acronym>TUNNELCHEM</acronym>
  
  
	
	
  
  <teaser>Quantum mechanical tunneling of atoms is emerging as an ubiquitous phenomenon in chemistry. Every chemical reaction that includes a hydrogen transfer can be expected to be influenced by tunneling at room temperature. While simulations can monitor tunneling directly, experiment...</teaser>
  
  
	
	
  
  <objective>Quantum mechanical tunneling of atoms is emerging as an ubiquitous phenomenon in chemistry. Every chemical reaction that includes a hydrogen transfer can be expected to be influenced by tunneling at room temperature. While simulations can monitor tunneling directly, experimental approaches can only detect the consequences. Theoretical investigations, as planned in TUNNELCHEM, have to keep up in order to aid the rational interpretation. We build on significant algorithmic breakthroughs recently achieved in the applicant's group, which allow accurate predictions of tunneling rates in larger systems than previously possible. These possibilities are to be exploited, which requires a big, combined project that can afford high-risk components.

In TUNNELCHEM, we will investigate aspects of tunneling in several different areas of chemistry: biochemistry, astrochemistry, catalysis and algorithmic development. The investigation of tunneling contributions to enzymatic reactions will allow to plan modifications which increase the selectivity and efficiency. Several astrochemical processes can only be understood if their tunneling contributions are properly accounted for. Accurate tunneling rates will significantly improve the predictive power of models of the interstellar medium. Many processes in homogenous and heterogenous catalysis involve tunneling. A fundamental understanding of the principles involved allows for the design of improved catalysts. Further development of methods and algorithms in accordance with the demands of the applications is required. TUNNELCHEM will shift the present paradigm from descriptive investigations to a rational design of catalysts enabled by a mechanistic understanding of atom tunneling processes.

Only such a combined effort may allow us to understand the principles of tunneling in chemistry and to develop concepts to exploit the tunnel effect for optimizing reactivity and selectivity of chemical reactions in biochemistry and catalysis.</objective>
  
  
	
	
  
  <title>Atom-Tunneling in Chemistry</title>
  
  
	
	
  
  <totalCost>1986750</totalCost>
  
  
	
	
  
  <ecMaxContribution>1986750</ecMaxContribution>
  
  
	
	
  
  <startDate>2015-07-01</startDate>
  
  
	
	
  
  <endDate>2020-07-01</endDate>
  
  
	
	
  
  <contract>
    
    
		
    
    <duration>60</duration>
    
    
	
  
  </contract>
  
  
	
  
  <status>SIGNED</status>
  
  
	
	
  
  <contentCreationDate>2015-05-05 17:47:09</contentCreationDate>
  
  
	
	
  
  <contentUpdateDate>2015-05-05 17:47:09</contentUpdateDate>
  
  
	
	
  
  <lastUpdateDate>2015-05-05 17:47:09</lastUpdateDate>
  
  
	
	
  
  <relations>
    
    
		
    
    <associations>
      
      
			
      
      
			
      
      
			
      
      
			
      
      
		
    
        
				
        
      <programme type="relatedProgramme">
        
          
					
          
        <availableLanguages>en</availableLanguages>
        
          
					
          
        <rcn>664099</rcn>
        
          
					
          
        <code>H2020-EU.1.1.</code>
        
          
					
          
        <pga>H2020-EU.1.1.</pga>
        
          
					
          
        <title>European Research Council</title>
        
          
					
          
        <parent>
          
            
						
            
          <parent>
            
              
							
              
            <programme>
              
                
								
                
              <rcn>664091</rcn>
              
                
								
                
              <code>H2020-EU.1.</code>
              
                
								
                
              <parent>
                
                  
									
                  
                <parent>
                  
                    
										
                    
                  <programme>
                    
                      
											
                      
                    <rcn>664087</rcn>
                    
                      
											
                      
                    <code>H2020-EC</code>
                    
                      
											
                      
                    <parent>
                      
                        
												
                        
                      <parent>
                        
                          
													
                          
                        <programme>
                          
                            
														
                            
                          <rcn>664086</rcn>
                          
                            
														
                            
                          <code>H2020</code>
                          
                            
													
                          
                        </programme>
                        
                          
												
                        
                      </parent>
                      
                        
											
                      
                    </parent>
                    
                      
										
                    
                  </programme>
                  
                    
									
                  
                </parent>
                
                  
								
                
              </parent>
              
                
							
              
            </programme>
            
              
						
            
          </parent>
          
            
					
          
        </parent>
        
          
				
        
      </programme>
      
        
			
      
        
				
        
      <programme type="relatedSubProgramme">
        
          
					
          
        <availableLanguages>en,any</availableLanguages>
        
          
					
          
        <rcn>664784</rcn>
        
          
					
          
        <code>ERC-CoG-2014</code>
        
          
					
          
        <title>ERC Consolidator Grant</title>
        
          
					
          
        <parent>
          
            
						
            
          <parent>
            
              
							
              
            <programme>
              
                
								
                
              <rcn>20200</rcn>
              
                
								
                
              <code>H2020-Topics</code>
              
                
							
              
            </programme>
            
              
						
            
          </parent>
          
            
					
          
        </parent>
        
          
				
        
      </programme>
      
        
			
      
        
				
        
      <call type="relatedCall">
        
          
					
          
        <rcn>409</rcn>
        
          
					
          
        <title>ERC-2014-CoG</title>
        
          
					
          
        <identifier>ERC-2014-CoG</identifier>
        
          
				
        
      </call>
      
        
			
      
        
				
        
      <organization ecContribution="1986750" order="1" terminated="false" type="coordinator">
        
          
					
          
        <availableLanguages>en</availableLanguages>
        
          
					
          
        <rcn>2242957</rcn>
        
          
					
          
        <legalName>UNIVERSITAET STUTTGART</legalName>
        
          
					
          
        <shortName>USTUTT</shortName>
        
          
					
          
        <address>
          
            
						
            
          <country>DE</country>
          
            
					
          
        </address>
        
          
					
          
        <relations>
          
            
						
            
          <regions>
            
              
							
              
              
						
            
                
								
                
            <region type="relatedRegion">
              
                  
									
                  
              <rcn>221940264</rcn>
              
                  
									
                  
              <name>Germany</name>
              
                  
									
                  
              <nutsCode>DE</nutsCode>
              
                  
									
                  
              <euCode>DE</euCode>
              
                  
									
                  
              <isoCode>DE</isoCode>
              
                  
									
                  
              <parents>
                
                    
										
                    
                <parents>
                  
                      
											
                      
                  <region>
                    
                        
												
                        
                    <rcn>4</rcn>
                    
                        
												
                        
                    <nutsCode>regionWorld</nutsCode>
                    
                        
												
                        
                    <euCode>regionWorld</euCode>
                    
                        
												
                        
                    <isoCode>regionWorld</isoCode>
                    
                        
											
                      
                  </region>
                  
                      
										
                    
                </parents>
                
                    
										
                    
                <parents>
                  
                      
											
                      
                  <region>
                    
                        
												
                        
                    <rcn>5</rcn>
                    
                        
												
                        
                    <nutsCode>regionEuMemberstate</nutsCode>
                    
                        
												
                        
                    <euCode>regionEuMemberstate</euCode>
                    
                        
												
                        
                    <isoCode>regionEuMemberstate</isoCode>
                    
                        
											
                      
                  </region>
                  
                      
										
                    
                </parents>
                
                    
										
                    
                <parents>
                  
                      
											
                      
                  <region>
                    
                        
												
                        
                    <rcn>6</rcn>
                    
                        
												
                        
                    <nutsCode>regionEuAssociated</nutsCode>
                    
                        
												
                        
                    <euCode>regionEuAssociated</euCode>
                    
                        
												
                        
                    <isoCode>regionEuAssociated</isoCode>
                    
                        
											
                      
                  </region>
                  
                      
										
                    
                </parents>
                
                    
									
                  
              </parents>
              
                  
								
                
            </region>
            
                
							
              
          </regions>
          
            
						
            
          <categories>
            
              
							
              
            <category classification="organizationActivityType" type="relatedOrganizationActivityType">
              
                
								
                
              <code>HES</code>
              
                
								
                
                
							
              
            </category>
            
              
						
            
          </categories>
          
            
					
          
        </relations>
        
          
				
        
      </organization>
      
        
			
      
    </associations>
    
    
		
    
    <categories>
      
      
			
      
      <category classification="projectFundingSchemeCategory" type="relatedProjectFundingSchemeCategory">
        
        
				
        
        <availableLanguages>en</availableLanguages>
        
        
				
        
        <code>ERC-COG</code>
        
        
				
        
        
			
      
      </category>
      
      
		
    
    </categories>
    
    
	
  
  </relations>
  
  
	


</project>

