<?xml version="1.0" encoding="UTF-8"?>
<project xmlns="http://cordis.europa.eu">
  
  
	
	
  
  <language>en</language>
  
  
	
  
  <availableLanguages>en</availableLanguages>
  
  
	
  
  <rcn>196903</rcn>
  
  
	
	
  
  <reference>659615</reference>
  
  
	
	
  
  <acronym>SVNanoVax</acronym>
  
  
	
	
  
  <teaser>Vaccines are the most effective way to protect humans from infectious disease and may save over 2 million lives per year (Delany, 2013). A key issue for future vaccines is how to improve immunogenicity without reducing safety (Bachmann, 2010). Another challenge is that high an...</teaser>
  
  
	
	
  
  <objective>Vaccines are the most effective way to protect humans from infectious disease and may save over 2 million lives per year (Delany, 2013). A key issue for future vaccines is how to improve immunogenicity without reducing safety (Bachmann, 2010). Another challenge is that high antigen sequence variability enables pathogens to escape the host response. To overcome these challenges, this proposal combines Structural Vaccinology and bionanoparticle (BNP) design, to generate novel self-assembling BNPs with multi-copy antigen display for the development of safe vaccine antigens with enhanced immunogenicity and breadth of coverage.

We will generate antigen-BNPs for a 2nd generation vaccine against Neisseria meningitidis serogroup B (MenB), a major cause of sepsis and invasive disease (Pace, 2012). This research may also potentiate antigen-BNP technology suitable for other vaccines. Firstly, we will use functional (bactericidal) monoclonal antibodies to map the most protective epitopes on the 3D structures of two key MenB antigens, fHbp and NadA, which contribute strongly to our recently-approved 1st generation MenB vaccine, Bexsero (O’Ryan, 2014). To aid this, we have developed wide expertise in structure-focused epitope mapping (Malito, 2013). Secondly, we will design optimized antigens stably displaying the best epitopes, an approach that we have pioneered and termed ‘Structural Vaccinology’ (Scarselli, 2011). Finally, self-assembling protein bionanoparticles displaying ordered arrays of the optimized antigens will be prepared, in order to generate novel highly-immunogenic, broadly-protective MenB vaccine candidates.

The proposal offers an exciting career development opportunity encompassing novel high-quality research to combine and deliver the promises of Structural Vaccinology and nanobiology, with a high probability of success to generate innovative new vaccine antigens for products to protect humans against meningococcal and other infectious diseases.</objective>
  
  
	
	
  
  <title>Structural Vaccinology in the design of bionanoparticles with multi-copy antigen display for vaccines with enhanced efficacy</title>
  
  
	
	
  
  <totalCost>168277.2</totalCost>
  
  
	
	
  
  <ecMaxContribution>168277.2</ecMaxContribution>
  
  
	
	
  
  <startDate>2015-06-15</startDate>
  
  
	
	
  
  <endDate>2017-06-15</endDate>
  
  
	
	
  
  <contract>
    
    
		
    
    <duration>24</duration>
    
    
	
  
  </contract>
  
  
	
  
  <status>SIGNED</status>
  
  
	
	
  
  <contentCreationDate>2015-06-02 10:55:28</contentCreationDate>
  
  
	
	
  
  <contentUpdateDate>2015-06-02 10:55:28</contentUpdateDate>
  
  
	
	
  
  <lastUpdateDate>2015-06-02 10:55:28</lastUpdateDate>
  
  
	
	
  
  <relations>
    
    
		
    
    <associations>
      
      
			
      
      
			
      
      
			
      
      
			
      
      
		
    
        
				
        
      <programme type="relatedProgramme">
        
          
					
          
        <availableLanguages>en</availableLanguages>
        
          
					
          
        <rcn>664113</rcn>
        
          
					
          
        <code>H2020-EU.1.3.2.</code>
        
          
					
          
        <pga>H2020-EU.1.3.2.</pga>
        
          
					
          
        <title>Nurturing excellence by means of cross-border and cross-sector mobility</title>
        
          
					
          
        <parent>
          
            
						
            
          <parent>
            
              
							
              
            <programme>
              
                
								
                
              <rcn>664109</rcn>
              
                
								
                
              <code>H2020-EU.1.3.</code>
              
                
								
                
              <parent>
                
                  
									
                  
                <parent>
                  
                    
										
                    
                  <programme>
                    
                      
											
                      
                    <rcn>664091</rcn>
                    
                      
											
                      
                    <code>H2020-EU.1.</code>
                    
                      
											
                      
                    <parent>
                      
                        
												
                        
                      <parent>
                        
                          
													
                          
                        <programme>
                          
                            
														
                            
                          <rcn>664087</rcn>
                          
                            
														
                            
                          <code>H2020-EC</code>
                          
                            
														
                            
                          <parent>
                            
                              
															
                              
                            <parent>
                              
                                
																
                                
                              <programme>
                                
                                  
																	
                                  
                                <rcn>664086</rcn>
                                
                                  
																	
                                  
                                <code>H2020</code>
                                
                                  
																
                                
                              </programme>
                              
                                
															
                              
                            </parent>
                            
                              
														
                            
                          </parent>
                          
                            
													
                          
                        </programme>
                        
                          
												
                        
                      </parent>
                      
                        
											
                      
                    </parent>
                    
                      
										
                    
                  </programme>
                  
                    
									
                  
                </parent>
                
                  
								
                
              </parent>
              
                
							
              
            </programme>
            
              
						
            
          </parent>
          
            
					
          
        </parent>
        
          
				
        
      </programme>
      
        
			
      
        
				
        
      <programme type="relatedSubProgramme">
        
          
					
          
        <availableLanguages>en,any</availableLanguages>
        
          
					
          
        <rcn>664546</rcn>
        
          
					
          
        <code>MSCA-IF-2014-EF</code>
        
          
					
          
        <title>Marie Skłodowska-Curie Individual Fellowships (IF-EF)</title>
        
          
					
          
        <parent>
          
            
						
            
          <parent>
            
              
							
              
            <programme>
              
                
								
                
              <rcn>20200</rcn>
              
                
								
                
              <code>H2020-Topics</code>
              
                
							
              
            </programme>
            
              
						
            
          </parent>
          
            
					
          
        </parent>
        
          
				
        
      </programme>
      
        
			
      
        
				
        
      <call type="relatedCall">
        
          
					
          
        <rcn>183</rcn>
        
          
					
          
        <title>H2020-MSCA-IF-2014</title>
        
          
					
          
        <identifier>H2020-MSCA-IF-2014</identifier>
        
          
				
        
      </call>
      
        
			
      
        
				
        
      <organization order="1" ecContribution="168277.2" terminated="false" type="coordinator">
        
          
					
          
        <availableLanguages>en</availableLanguages>
        
          
					
          
        <rcn>2265876</rcn>
        
          
					
          
        <legalName>NOVARTIS VACCINES AND DIAGNOSTICS S.R.L.</legalName>
        
          
					
          
        <shortName>NVD</shortName>
        
          
					
          
        <address>
          
            
						
            
          <country>IT</country>
          
            
					
          
        </address>
        
          
					
          
        <relations>
          
            
						
            
          <regions>
            
              
							
              
              
						
            
                
								
                
            <region type="relatedRegion">
              
                  
									
                  
              <rcn>309758504</rcn>
              
                  
									
                  
              <name>Italy</name>
              
                  
									
                  
              <nutsCode>IT</nutsCode>
              
                  
									
                  
              <euCode>IT</euCode>
              
                  
									
                  
              <isoCode>IT</isoCode>
              
                  
									
                  
              <parents>
                
                    
										
                    
                <parents>
                  
                      
											
                      
                  <region>
                    
                        
												
                        
                    <rcn>4</rcn>
                    
                        
												
                        
                    <nutsCode>regionWorld</nutsCode>
                    
                        
												
                        
                    <euCode>regionWorld</euCode>
                    
                        
												
                        
                    <isoCode>regionWorld</isoCode>
                    
                        
											
                      
                  </region>
                  
                      
										
                    
                </parents>
                
                    
										
                    
                <parents>
                  
                      
											
                      
                  <region>
                    
                        
												
                        
                    <rcn>5</rcn>
                    
                        
												
                        
                    <nutsCode>regionEuMemberstate</nutsCode>
                    
                        
												
                        
                    <euCode>regionEuMemberstate</euCode>
                    
                        
												
                        
                    <isoCode>regionEuMemberstate</isoCode>
                    
                        
											
                      
                  </region>
                  
                      
										
                    
                </parents>
                
                    
										
                    
                <parents>
                  
                      
											
                      
                  <region>
                    
                        
												
                        
                    <rcn>6</rcn>
                    
                        
												
                        
                    <nutsCode>regionEuAssociated</nutsCode>
                    
                        
												
                        
                    <euCode>regionEuAssociated</euCode>
                    
                        
												
                        
                    <isoCode>regionEuAssociated</isoCode>
                    
                        
											
                      
                  </region>
                  
                      
										
                    
                </parents>
                
                    
									
                  
              </parents>
              
                  
								
                
            </region>
            
                
							
              
          </regions>
          
            
						
            
          <categories>
            
              
							
              
            <category classification="organizationActivityType" type="relatedOrganizationActivityType">
              
                
								
                
              <code>PRC</code>
              
                
								
                
                
							
              
            </category>
            
              
						
            
          </categories>
          
            
					
          
        </relations>
        
          
				
        
      </organization>
      
        
			
      
    </associations>
    
    
		
    
    <categories>
      
      
			
      
      <category classification="projectFundingSchemeCategory" type="relatedProjectFundingSchemeCategory">
        
        
				
        
        <availableLanguages>en</availableLanguages>
        
        
				
        
        <code>MSCA-IF-EF-RI</code>
        
        
				
        
        <title>RI – Reintegration panel</title>
        
        
				
        
        
			
      
      </category>
      
      
		
    
    </categories>
    
    
	
  
  </relations>
  
  
	


</project>

