<?xml version="1.0" encoding="UTF-8"?>
<project xmlns="http://cordis.europa.eu">
  
  
	
	
  
  <language>en</language>
  
  
	
  
  <availableLanguages>en</availableLanguages>
  
  
	
  
  <rcn>196344</rcn>
  
  
	
	
  
  <reference>665020</reference>
  
  
	
	
  
  <acronym>uDAS</acronym>
  
  
	
	
  
  <teaser>Microfluidic systems, in general, have proven important platforms for biomedical assays. These systems benefit from reduced requirements for expensive reagents, short analysis times, and portability. Although microfluidic systems are convenient platforms, their use in the life...</teaser>
  
  
	
	
  
  <objective>Microfluidic systems, in general, have proven important platforms for biomedical assays. These systems benefit from reduced requirements for expensive reagents, short analysis times, and portability. Although microfluidic systems are convenient platforms, their use in the life sciences is still limited mainly due to the high-level fabrication expertise required for construction. 

Integrated microfluidics is one of the most sophisticated three-dimensional (multi layer) solution. It requires soft lithography (PDMS based chips), for production of high complexity microfluidic systems (multiple serial or parallel processes). Integrated microfluidics in particular is almost non-existent in the industry due to the low yield and uncontrolled production process. 

My ERC project (MUDLOC-2012) is to develop a microfluidic platform for multidimensional protein array analysis. It uses complex multilayer microfluidic devices that consist of 2 PDMS layers and a glass microarray. The integrated microfluidics system contains thousands of micromechanical valves in micrometer dimensions, controlling thousands of parallel reactions. Our research demands production of hundreds of such devices. 

We, as all others who produce integrated microfluidics, suffered from frustrating low yield (15%). In order to improve fabrication yield and to fabricate devices with increased density, we designed and manufactured, a first of its kind, full production process sequence, semi automatic Microfluidic Device Assembly System (µDAS). This resulted in a direct increase of device complexity and yield (85%) over the last half year.

The 2nd generation automated µDAS prototype will become a generic assembly tool for soft lithography. µDAS will enable a critical production standard and process control, which will pave the road for significant penetration of complex integrated microfluidics technology into both academia and industry.
</objective>
  
  
	
	
  
  <title>An Automatic Microfluidic Device Assembly System</title>
  
  
	
	
  
  <totalCost>150000</totalCost>
  
  
	
	
  
  <ecMaxContribution>150000</ecMaxContribution>
  
  
	
	
  
  <startDate>2015-04-01</startDate>
  
  
	
	
  
  <endDate>2016-10-01</endDate>
  
  
	
	
  
  <contract>
    
    
		
    
    <duration>18</duration>
    
    
	
  
  </contract>
  
  
	
  
  <status>SIGNED</status>
  
  
	
	
  
  <contentCreationDate>2015-05-05 20:27:03</contentCreationDate>
  
  
	
	
  
  <contentUpdateDate>2015-05-05 20:27:03</contentUpdateDate>
  
  
	
	
  
  <lastUpdateDate>2015-05-05 20:27:03</lastUpdateDate>
  
  
	
	
  
  <relations>
    
    
		
    
    <associations>
      
      
			
      
      
			
      
      
			
      
      
			
      
      
		
    
        
				
        
      <programme type="relatedProgramme">
        
          
					
          
        <availableLanguages>en</availableLanguages>
        
          
					
          
        <rcn>664099</rcn>
        
          
					
          
        <code>H2020-EU.1.1.</code>
        
          
					
          
        <pga>H2020-EU.1.1.</pga>
        
          
					
          
        <title>European Research Council</title>
        
          
					
          
        <parent>
          
            
						
            
          <parent>
            
              
							
              
            <programme>
              
                
								
                
              <rcn>664091</rcn>
              
                
								
                
              <code>H2020-EU.1.</code>
              
                
								
                
              <parent>
                
                  
									
                  
                <parent>
                  
                    
										
                    
                  <programme>
                    
                      
											
                      
                    <rcn>664087</rcn>
                    
                      
											
                      
                    <code>H2020-EC</code>
                    
                      
											
                      
                    <parent>
                      
                        
												
                        
                      <parent>
                        
                          
													
                          
                        <programme>
                          
                            
														
                            
                          <rcn>664086</rcn>
                          
                            
														
                            
                          <code>H2020</code>
                          
                            
													
                          
                        </programme>
                        
                          
												
                        
                      </parent>
                      
                        
											
                      
                    </parent>
                    
                      
										
                    
                  </programme>
                  
                    
									
                  
                </parent>
                
                  
								
                
              </parent>
              
                
							
              
            </programme>
            
              
						
            
          </parent>
          
            
					
          
        </parent>
        
          
				
        
      </programme>
      
        
			
      
        
				
        
      <programme type="relatedSubProgramme">
        
          
					
          
        <availableLanguages>en,any</availableLanguages>
        
          
					
          
        <rcn>664785</rcn>
        
          
					
          
        <code>ERC-PoC-2014</code>
        
          
					
          
        <title>ERC Proof of Concept Grant</title>
        
          
					
          
        <parent>
          
            
						
            
          <parent>
            
              
							
              
            <programme>
              
                
								
                
              <rcn>20200</rcn>
              
                
								
                
              <code>H2020-Topics</code>
              
                
							
              
            </programme>
            
              
						
            
          </parent>
          
            
					
          
        </parent>
        
          
				
        
      </programme>
      
        
			
      
        
				
        
      <call type="relatedCall">
        
          
					
          
        <rcn>410</rcn>
        
          
					
          
        <title>ERC-2014-PoC</title>
        
          
					
          
        <identifier>ERC-2014-PoC</identifier>
        
          
				
        
      </call>
      
        
			
      
        
				
        
      <organization ecContribution="150000" order="1" terminated="false" type="coordinator">
        
          
					
          
        <availableLanguages>en</availableLanguages>
        
          
					
          
        <rcn>2247267</rcn>
        
          
					
          
        <legalName>BAR ILAN UNIVERSITY</legalName>
        
          
					
          
        <shortName>BIU</shortName>
        
          
					
          
        <address>
          
            
						
            
          <country>IL</country>
          
            
					
          
        </address>
        
          
					
          
        <relations>
          
            
						
            
          <regions>
            
              
							
              
              
						
            
                
								
                
            <region type="relatedRegion">
              
                  
									
                  
              <rcn>307661352</rcn>
              
                  
									
                  
              <name>Israel</name>
              
                  
									
                  
              <nutsCode>IL</nutsCode>
              
                  
									
                  
              <euCode>IL</euCode>
              
                  
									
                  
              <isoCode>IL</isoCode>
              
                  
									
                  
              <parents>
                
                    
										
                    
                <parents>
                  
                      
											
                      
                  <region>
                    
                        
												
                        
                    <rcn>4</rcn>
                    
                        
												
                        
                    <nutsCode>regionWorld</nutsCode>
                    
                        
												
                        
                    <euCode>regionWorld</euCode>
                    
                        
												
                        
                    <isoCode>regionWorld</isoCode>
                    
                        
											
                      
                  </region>
                  
                      
										
                    
                </parents>
                
                    
										
                    
                <parents>
                  
                      
											
                      
                  <region>
                    
                        
												
                        
                    <rcn>6</rcn>
                    
                        
												
                        
                    <nutsCode>regionEuAssociated</nutsCode>
                    
                        
												
                        
                    <euCode>regionEuAssociated</euCode>
                    
                        
												
                        
                    <isoCode>regionEuAssociated</isoCode>
                    
                        
											
                      
                  </region>
                  
                      
										
                    
                </parents>
                
                    
									
                  
              </parents>
              
                  
								
                
            </region>
            
                
							
              
          </regions>
          
            
						
            
          <categories>
            
              
							
              
            <category classification="organizationActivityType" type="relatedOrganizationActivityType">
              
                
								
                
              <code>HES</code>
              
                
								
                
                
							
              
            </category>
            
              
						
            
          </categories>
          
            
					
          
        </relations>
        
          
				
        
      </organization>
      
        
			
      
    </associations>
    
    
		
    
    <categories>
      
      
			
      
      <category classification="projectFundingSchemeCategory" type="relatedProjectFundingSchemeCategory">
        
        
				
        
        <availableLanguages>en</availableLanguages>
        
        
				
        
        <code>ERC-POC</code>
        
        
				
        
        
			
      
      </category>
      
      
		
    
    </categories>
    
    
	
  
  </relations>
  
  
	


</project>

