<?xml version="1.0" encoding="UTF-8"?>
<project xmlns="http://cordis.europa.eu">
  
  
	
	
  
  <language>en</language>
  
  
	
  
  <availableLanguages>en</availableLanguages>
  
  
	
  
  <rcn>194699</rcn>
  
  
	
	
  
  <reference>650731</reference>
  
  
	
	
  
  <acronym>NDTMF</acronym>
  
  
	
	
  
  <teaser>Problem
Disposable plastic bottles are an increasing threat to our environment. 50 billion water bottles alone are consumed every year and 80 % of all plastic bottles end up in landfills. EcoXpac owns the technology to produce a 100% biodegradable bottle – the Green Fibre Bo...</teaser>
  
  
	
	
  
  <objective>Problem
Disposable plastic bottles are an increasing threat to our environment. 50 billion water bottles alone are consumed every year and 80 % of all plastic bottles end up in landfills. EcoXpac owns the technology to produce a 100% biodegradable bottle – the Green Fibre Bottle.

Solution
The fibre material is not new in itself, but so far it has not been possible for packaging manufacturers to produce a bottle at a competitive prize - primarily due to the extremely energy consuming and complicated drying process and long production cycle. EcoXpac owns the rights to an energy saving impulse-drying technique that will disrupt the market for moulded fibres. The technique will make it possible to replace all kinds of plastic products with biodegradable fibre products.

The project
Proof of concept has so far been achieved in a test facility. The purpose of the current project is to prepare the construction of an impulse drying process facility at a larger and more advanced scale that can serve as a demonstration plant. The innovation in this project has the potential to revolutionize the packaging industry in the same way as Tetra Pak did. 

The customer
The end customers will be large manufacturers of Fast Moving Consumer Goods. The business model of EcoXpac is to sell the rights to use the fibre bottle within a specific end-user segment, e.g. dairy products, to global manufacturer and then work closely with the packaging manufacturer to customize the production line to their needs.

The team
The team behind EcoXpac possesses high-expertise in moulded fibre process technology and a proven commercial track record. EcoXpac works in close collaboration with the biggest dairy producer in Scandinavia, Arla Foods, about the development of a fibre bottle for Arla Foods products.</objective>
  
  
	
	
  
  <title>New Drying Techniques for Moulded Fibres</title>
  
  
	
	
  
  <totalCost>71429</totalCost>
  
  
	
	
  
  <ecMaxContribution>50000</ecMaxContribution>
  
  
	
	
  
  <startDate>2014-10-01</startDate>
  
  
	
	
  
  <endDate>2015-04-01</endDate>
  
  
	
	
  
  <contract>
    
    
		
    
    <duration>6</duration>
    
    
	
  
  </contract>
  
  
	
  
  <status>SIGNED</status>
  
  
	
	
  
  <contentCreationDate>2015-05-05 18:07:18</contentCreationDate>
  
  
	
	
  
  <contentUpdateDate>2015-05-05 18:07:18</contentUpdateDate>
  
  
	
	
  
  <lastUpdateDate>2015-05-05 18:07:18</lastUpdateDate>
  
  
	
	
  
  <relations>
    
    
		
    
    <associations>
      
      
			
      
      
			
      
      
			
      
      
			
      
      
			
      
      
		
    
        
				
        
      <programme type="relatedProgramme">
        
          
					
          
        <availableLanguages>en</availableLanguages>
        
          
					
          
        <rcn>664225</rcn>
        
          
					
          
        <code>H2020-EU.2.3.1.</code>
        
          
					
          
        <pga>H2020-EU.2.3.1.</pga>
        
          
					
          
        <title> Mainstreaming SME support, especially through a dedicated instrument</title>
        
          
					
          
        <parent>
          
            
						
            
          <parent>
            
              
							
              
            <programme>
              
                
								
                
              <rcn>664223</rcn>
              
                
								
                
              <code>H2020-EU.2.3.</code>
              
                
								
                
              <parent>
                
                  
									
                  
                <parent>
                  
                    
										
                    
                  <programme>
                    
                      
											
                      
                    <rcn>664143</rcn>
                    
                      
											
                      
                    <code>H2020-EU.2.</code>
                    
                      
											
                      
                    <parent>
                      
                        
												
                        
                      <parent>
                        
                          
													
                          
                        <programme>
                          
                            
														
                            
                          <rcn>664087</rcn>
                          
                            
														
                            
                          <code>H2020-EC</code>
                          
                            
														
                            
                          <parent>
                            
                              
															
                              
                            <parent>
                              
                                
																
                                
                              <programme>
                                
                                  
																	
                                  
                                <rcn>664086</rcn>
                                
                                  
																	
                                  
                                <code>H2020</code>
                                
                                  
																
                                
                              </programme>
                              
                                
															
                              
                            </parent>
                            
                              
														
                            
                          </parent>
                          
                            
													
                          
                        </programme>
                        
                          
												
                        
                      </parent>
                      
                        
											
                      
                    </parent>
                    
                      
										
                    
                  </programme>
                  
                    
									
                  
                </parent>
                
                  
								
                
              </parent>
              
                
							
              
            </programme>
            
              
						
            
          </parent>
          
            
					
          
        </parent>
        
          
				
        
      </programme>
      
        
			
      
        
				
        
      <programme type="relatedProgramme">
        
          
					
          
        <availableLanguages>en</availableLanguages>
        
          
					
          
        <rcn>664161</rcn>
        
          
					
          
        <code>H2020-EU.2.1.2.</code>
        
          
					
          
        <pga>H2020-EU.2.1.2.</pga>
        
          
					
          
        <title>Nanotechnologies</title>
        
          
					
          
        <parent>
          
            
						
            
          <parent>
            
              
							
              
            <programme>
              
                
								
                
              <rcn>664145</rcn>
              
                
								
                
              <code>H2020-EU.2.1.</code>
              
                
								
                
              <parent>
                
                  
									
                  
                <parent>
                  
                    
										
                    
                  <programme>
                    
                      
											
                      
                    <rcn>664143</rcn>
                    
                      
											
                      
                    <code>H2020-EU.2.</code>
                    
                      
											
                      
                    <parent>
                      
                        
												
                        
                      <parent>
                        
                          
													
                          
                        <programme>
                          
                            
														
                            
                          <rcn>664087</rcn>
                          
                            
														
                            
                          <code>H2020-EC</code>
                          
                            
														
                            
                          <parent>
                            
                              
															
                              
                            <parent>
                              
                                
																
                                
                              <programme>
                                
                                  
																	
                                  
                                <rcn>664086</rcn>
                                
                                  
																	
                                  
                                <code>H2020</code>
                                
                                  
																
                                
                              </programme>
                              
                                
															
                              
                            </parent>
                            
                              
														
                            
                          </parent>
                          
                            
													
                          
                        </programme>
                        
                          
												
                        
                      </parent>
                      
                        
											
                      
                    </parent>
                    
                      
										
                    
                  </programme>
                  
                    
									
                  
                </parent>
                
                  
								
                
              </parent>
              
                
							
              
            </programme>
            
              
						
            
          </parent>
          
            
					
          
        </parent>
        
          
				
        
      </programme>
      
        
			
      
        
				
        
      <programme type="relatedSubProgramme">
        
          
					
          
        <availableLanguages>en,any</availableLanguages>
        
          
					
          
        <rcn>665256</rcn>
        
          
					
          
        <code>NMP-25-2014-1</code>
        
          
					
          
        <title>Accelerating the uptake of nanotechnologies, advanced materials or advanced manufacturing and processing technologies by SMEs</title>
        
          
					
          
        <parent>
          
            
						
            
          <parent>
            
              
							
              
            <programme>
              
                
								
                
              <rcn>20200</rcn>
              
                
								
                
              <code>H2020-Topics</code>
              
                
							
              
            </programme>
            
              
						
            
          </parent>
          
            
					
          
        </parent>
        
          
				
        
      </programme>
      
        
			
      
        
				
        
      <call type="relatedCall">
        
          
					
          
        <rcn>301</rcn>
        
          
					
          
        <title>H2020-SMEINST-1-2014</title>
        
          
					
          
        <identifier>H2020-SMEINST-1-2014</identifier>
        
          
				
        
      </call>
      
        
			
      
        
				
        
      <organization ecContribution="50000" order="1" terminated="false" type="coordinator">
        
          
					
          
        <availableLanguages>en</availableLanguages>
        
          
					
          
        <rcn>2243936</rcn>
        
          
					
          
        <legalName>ECOXPAC A/S</legalName>
        
          
					
          
        <shortName>Ecoxpac</shortName>
        
          
					
          
        <address>
          
            
						
            
          <country>DK</country>
          
            
					
          
        </address>
        
          
					
          
        <relations>
          
            
						
            
          <regions>
            
              
							
              
              
						
            
                
								
                
            <region type="relatedRegion">
              
                  
									
                  
              <rcn>223513128</rcn>
              
                  
									
                  
              <name>Denmark</name>
              
                  
									
                  
              <nutsCode>DK</nutsCode>
              
                  
									
                  
              <euCode>DK</euCode>
              
                  
									
                  
              <isoCode>DK</isoCode>
              
                  
									
                  
              <parents>
                
                    
										
                    
                <parents>
                  
                      
											
                      
                  <region>
                    
                        
												
                        
                    <rcn>4</rcn>
                    
                        
												
                        
                    <nutsCode>regionWorld</nutsCode>
                    
                        
												
                        
                    <euCode>regionWorld</euCode>
                    
                        
												
                        
                    <isoCode>regionWorld</isoCode>
                    
                        
											
                      
                  </region>
                  
                      
										
                    
                </parents>
                
                    
										
                    
                <parents>
                  
                      
											
                      
                  <region>
                    
                        
												
                        
                    <rcn>5</rcn>
                    
                        
												
                        
                    <nutsCode>regionEuMemberstate</nutsCode>
                    
                        
												
                        
                    <euCode>regionEuMemberstate</euCode>
                    
                        
												
                        
                    <isoCode>regionEuMemberstate</isoCode>
                    
                        
											
                      
                  </region>
                  
                      
										
                    
                </parents>
                
                    
										
                    
                <parents>
                  
                      
											
                      
                  <region>
                    
                        
												
                        
                    <rcn>6</rcn>
                    
                        
												
                        
                    <nutsCode>regionEuAssociated</nutsCode>
                    
                        
												
                        
                    <euCode>regionEuAssociated</euCode>
                    
                        
												
                        
                    <isoCode>regionEuAssociated</isoCode>
                    
                        
											
                      
                  </region>
                  
                      
										
                    
                </parents>
                
                    
									
                  
              </parents>
              
                  
								
                
            </region>
            
                
							
              
          </regions>
          
            
						
            
          <categories>
            
              
							
              
            <category classification="organizationActivityType" type="relatedOrganizationActivityType">
              
                
								
                
              <code>PRC</code>
              
                
								
                
                
							
              
            </category>
            
              
						
            
          </categories>
          
            
					
          
        </relations>
        
          
				
        
      </organization>
      
        
			
      
    </associations>
    
    
		
    
    <categories>
      
      
			
      
      <category classification="projectFundingSchemeCategory" type="relatedProjectFundingSchemeCategory">
        
        
				
        
        <availableLanguages>en</availableLanguages>
        
        
				
        
        <code>SME-1</code>
        
        
				
        
        
			
      
      </category>
      
      
		
    
    </categories>
    
    
	
  
  </relations>
  
  
	


</project>

