<?xml version="1.0" encoding="UTF-8"?>
<project xmlns="http://cordis.europa.eu">
  
  
	
	
  
  <language>en</language>
  
  
	
  
  <availableLanguages>en</availableLanguages>
  
  
	
  
  <rcn>194238</rcn>
  
  
	
	
  
  <reference>644721</reference>
  
  
	
	
  
  <acronym>RETRAINER</acronym>
  
  
	
	
  
  <teaser>The aim of the RETRAINER proposal is to tune and validate advanced, robot-based technologies to facilitate recovery of arm and hand function in stroke survivors and to verify extensively the use of the system by end-users. RETRAINER will allow the users to use their own arm an...</teaser>
  
  
	
	
  
  <objective>The aim of the RETRAINER proposal is to tune and validate advanced, robot-based technologies to facilitate recovery of arm and hand function in stroke survivors and to verify extensively the use of the system by end-users. RETRAINER will allow the users to use their own arm and hand as much and as soon as possible after the trauma so to achieve the best outcomes in rehabilitation.  A continuous iterative process between the technology development and the testing feedback will drive the whole project. RETRAINER will implement a full technology transfer from the results of a previous FP7 project, MUNDUS, aimed at setting up a similar assistive device for severely disabled people in daily life activities. 
RETRAINER will make available two systems that could be used either combined or stand-alone. RETRAINER S1 will provide the end-user with a robot that does not completely take over the user’s tasks and substitute the functionality of the body, but specifically supports the user only whenever he/she really needs support. Residual functionality is trained and improved on rather than replaced by the robotic device. Arm movements will be supported by the combined action of a passive exoskeleton for weight relief and Neuromuscular Electrical stimulation (NMES) delivered to several arm muscles in a controlled manner. RETRAINER S2 will exploit a wearable NMES system with multiple arrays of electrodes for hand rehabilitation facilitating the grasping function. Both systems will benefit from use of interactive objects, i.e. daily-life objects able to supply information about themselves to drive usage. Within RETRAINER the same principle and module will be exploited to drive rehabilitation exercises and to monitor daily life.
The systems will undergo a thorough randomized control clinical trial with end users to assess their efficacy in rehabilitation. Certification and qualification of the system will be pursued, given the adequate quality of experimental results.

</objective>
  
  
	
	
  
  <title>REaching and grasping Training based on Robotic hybrid AssIstance for Neurological patients: End users Real life evaluation</title>
  
  
	
	
  
  <totalCost>3746871.25</totalCost>
  
  
	
	
  
  <ecMaxContribution>2784831</ecMaxContribution>
  
  
	
	
  
  <startDate>2015-01-01</startDate>
  
  
	
	
  
  <endDate>2019-01-01</endDate>
  
  
	
	
  
  <contract>
    
    
		
    
    <duration>48</duration>
    
    
	
  
  </contract>
  
  
	
  
  <status>SIGNED</status>
  
  
	
	
  
  <contentCreationDate>2015-05-05 17:26:59</contentCreationDate>
  
  
	
	
  
  <contentUpdateDate>2015-05-05 17:26:59</contentUpdateDate>
  
  
	
	
  
  <lastUpdateDate>2015-05-05 17:26:59</lastUpdateDate>
  
  
	
	
  
  <relations>
    
    
		
    
    <associations>
      
      
			
      
      
			
      
      
			
      
      
			
      
      
			
      
      
			
      
      
			
      
      
			
      
      
			
      
      
			
      
      
			
      
      
			
      
      
		
    
        
				
        
      <programme type="relatedProgramme">
        
          
					
          
        <availableLanguages>en</availableLanguages>
        
          
					
          
        <rcn>664157</rcn>
        
          
					
          
        <code>H2020-EU.2.1.1.5.</code>
        
          
					
          
        <pga>H2020-EU.2.1.1.5.</pga>
        
          
					
          
        <title>Advanced interfaces and robots: Robotics and smart spaces</title>
        
          
					
          
        <parent>
          
            
						
            
          <parent>
            
              
							
              
            <programme>
              
                
								
                
              <rcn>664147</rcn>
              
                
								
                
              <code>H2020-EU.2.1.1.</code>
              
                
								
                
              <parent>
                
                  
									
                  
                <parent>
                  
                    
										
                    
                  <programme>
                    
                      
											
                      
                    <rcn>664145</rcn>
                    
                      
											
                      
                    <code>H2020-EU.2.1.</code>
                    
                      
											
                      
                    <parent>
                      
                        
												
                        
                      <parent>
                        
                          
													
                          
                        <programme>
                          
                            
														
                            
                          <rcn>664143</rcn>
                          
                            
														
                            
                          <code>H2020-EU.2.</code>
                          
                            
														
                            
                          <parent>
                            
                              
															
                              
                            <parent>
                              
                                
																
                                
                              <programme>
                                
                                  
																	
                                  
                                <rcn>664087</rcn>
                                
                                  
																	
                                  
                                <code>H2020-EC</code>
                                
                                  
																	
                                  
                                <parent>
                                  
                                    
																		
                                    
                                  <parent>
                                    
                                      
																			
                                      
                                    <programme>
                                      
                                        
																				
                                        
                                      <rcn>664086</rcn>
                                      
                                        
																				
                                        
                                      <code>H2020</code>
                                      
                                        
																			
                                      
                                    </programme>
                                    
                                      
																		
                                    
                                  </parent>
                                  
                                    
																	
                                  
                                </parent>
                                
                                  
																
                                
                              </programme>
                              
                                
															
                              
                            </parent>
                            
                              
														
                            
                          </parent>
                          
                            
													
                          
                        </programme>
                        
                          
												
                        
                      </parent>
                      
                        
											
                      
                    </parent>
                    
                      
										
                    
                  </programme>
                  
                    
									
                  
                </parent>
                
                  
								
                
              </parent>
              
                
							
              
            </programme>
            
              
						
            
          </parent>
          
            
					
          
        </parent>
        
          
				
        
      </programme>
      
        
			
      
        
				
        
      <programme type="relatedSubProgramme">
        
          
					
          
        <availableLanguages>en,any</availableLanguages>
        
          
					
          
        <rcn>664808</rcn>
        
          
					
          
        <code>ICT-23-2014</code>
        
          
					
          
        <title>Robotics</title>
        
          
					
          
        <parent>
          
            
						
            
          <parent>
            
              
							
              
            <programme>
              
                
								
                
              <rcn>20200</rcn>
              
                
								
                
              <code>H2020-Topics</code>
              
                
							
              
            </programme>
            
              
						
            
          </parent>
          
            
					
          
        </parent>
        
          
				
        
      </programme>
      
        
			
      
        
				
        
      <call type="relatedCall">
        
          
					
          
        <rcn>411</rcn>
        
          
					
          
        <title>H2020-ICT-2014-1</title>
        
          
					
          
        <identifier>H2020-ICT-2014-1</identifier>
        
          
				
        
      </call>
      
        
			
      
        
				
        
      <organization ecContribution="146475" order="1" terminated="false" type="coordinator">
        
          
					
          
        <availableLanguages>en</availableLanguages>
        
          
					
          
        <rcn>2241066</rcn>
        
          
					
          
        <legalName>AB.ACUS SRL</legalName>
        
          
					
          
        <shortName>ABACUS</shortName>
        
          
					
          
        <address>
          
            
						
            
          <country>IT</country>
          
            
					
          
        </address>
        
          
					
          
        <relations>
          
            
						
            
          <regions>
            
              
							
              
              
						
            
                
								
                
            <region type="relatedRegion">
              
                  
									
                  
              <rcn>309758504</rcn>
              
                  
									
                  
              <name>Italy</name>
              
                  
									
                  
              <nutsCode>IT</nutsCode>
              
                  
									
                  
              <euCode>IT</euCode>
              
                  
									
                  
              <isoCode>IT</isoCode>
              
                  
									
                  
              <parents>
                
                    
										
                    
                <parents>
                  
                      
											
                      
                  <region>
                    
                        
												
                        
                    <rcn>4</rcn>
                    
                        
												
                        
                    <nutsCode>regionWorld</nutsCode>
                    
                        
												
                        
                    <euCode>regionWorld</euCode>
                    
                        
												
                        
                    <isoCode>regionWorld</isoCode>
                    
                        
											
                      
                  </region>
                  
                      
										
                    
                </parents>
                
                    
										
                    
                <parents>
                  
                      
											
                      
                  <region>
                    
                        
												
                        
                    <rcn>5</rcn>
                    
                        
												
                        
                    <nutsCode>regionEuMemberstate</nutsCode>
                    
                        
												
                        
                    <euCode>regionEuMemberstate</euCode>
                    
                        
												
                        
                    <isoCode>regionEuMemberstate</isoCode>
                    
                        
											
                      
                  </region>
                  
                      
										
                    
                </parents>
                
                    
										
                    
                <parents>
                  
                      
											
                      
                  <region>
                    
                        
												
                        
                    <rcn>6</rcn>
                    
                        
												
                        
                    <nutsCode>regionEuAssociated</nutsCode>
                    
                        
												
                        
                    <euCode>regionEuAssociated</euCode>
                    
                        
												
                        
                    <isoCode>regionEuAssociated</isoCode>
                    
                        
											
                      
                  </region>
                  
                      
										
                    
                </parents>
                
                    
									
                  
              </parents>
              
                  
								
                
            </region>
            
                
							
              
          </regions>
          
            
						
            
          <categories>
            
              
							
              
            <category classification="organizationActivityType" type="relatedOrganizationActivityType">
              
                
								
                
              <code>PRC</code>
              
                
								
                
                
							
              
            </category>
            
              
						
            
          </categories>
          
            
					
          
        </relations>
        
          
				
        
      </organization>
      
        
			
      
        
				
        
      <organization ecContribution="247625" order="7" terminated="false" type="participant">
        
          
					
          
        <availableLanguages>en</availableLanguages>
        
          
					
          
        <rcn>2241072</rcn>
        
          
					
          
        <legalName>ASKLEPIOS KLINIK ALSBACH GMBH</legalName>
        
          
					
          
        <shortName>ANKF</shortName>
        
          
					
          
        <address>
          
            
						
            
          <country>DE</country>
          
            
					
          
        </address>
        
          
					
          
        <relations>
          
            
						
            
          <regions>
            
              
							
              
              
						
            
                
								
                
            <region type="relatedRegion">
              
                  
									
                  
              <rcn>221940264</rcn>
              
                  
									
                  
              <name>Germany</name>
              
                  
									
                  
              <nutsCode>DE</nutsCode>
              
                  
									
                  
              <euCode>DE</euCode>
              
                  
									
                  
              <isoCode>DE</isoCode>
              
                  
									
                  
              <parents>
                
                    
										
                    
                <parents>
                  
                      
											
                      
                  <region>
                    
                        
												
                        
                    <rcn>4</rcn>
                    
                        
												
                        
                    <nutsCode>regionWorld</nutsCode>
                    
                        
												
                        
                    <euCode>regionWorld</euCode>
                    
                        
												
                        
                    <isoCode>regionWorld</isoCode>
                    
                        
											
                      
                  </region>
                  
                      
										
                    
                </parents>
                
                    
										
                    
                <parents>
                  
                      
											
                      
                  <region>
                    
                        
												
                        
                    <rcn>5</rcn>
                    
                        
												
                        
                    <nutsCode>regionEuMemberstate</nutsCode>
                    
                        
												
                        
                    <euCode>regionEuMemberstate</euCode>
                    
                        
												
                        
                    <isoCode>regionEuMemberstate</isoCode>
                    
                        
											
                      
                  </region>
                  
                      
										
                    
                </parents>
                
                    
										
                    
                <parents>
                  
                      
											
                      
                  <region>
                    
                        
												
                        
                    <rcn>6</rcn>
                    
                        
												
                        
                    <nutsCode>regionEuAssociated</nutsCode>
                    
                        
												
                        
                    <euCode>regionEuAssociated</euCode>
                    
                        
												
                        
                    <isoCode>regionEuAssociated</isoCode>
                    
                        
											
                      
                  </region>
                  
                      
										
                    
                </parents>
                
                    
									
                  
              </parents>
              
                  
								
                
            </region>
            
                
							
              
          </regions>
          
            
						
            
          <categories>
            
              
							
              
            <category classification="organizationActivityType" type="relatedOrganizationActivityType">
              
                
								
                
              <code>PRC</code>
              
                
								
                
                
							
              
            </category>
            
              
						
            
          </categories>
          
            
					
          
        </relations>
        
          
				
        
      </organization>
      
        
			
      
        
				
        
      <organization ecContribution="0" order="4" terminated="false" type="participant">
        
          
					
          
        <availableLanguages>en</availableLanguages>
        
          
					
          
        <rcn>2241069</rcn>
        
          
					
          
        <legalName>ECOLE POLYTECHNIQUE FEDERALE DE LAUSANNE</legalName>
        
          
					
          
        <shortName>EPFL</shortName>
        
          
					
          
        <address>
          
            
						
            
          <country>CH</country>
          
            
					
          
        </address>
        
          
					
          
        <relations>
          
            
						
            
          <regions>
            
              
							
              
              
						
            
                
								
                
            <region type="relatedRegion">
              
                  
									
                  
              <rcn>205949480</rcn>
              
                  
									
                  
              <name>Switzerland</name>
              
                  
									
                  
              <nutsCode>CH</nutsCode>
              
                  
									
                  
              <euCode>CH</euCode>
              
                  
									
                  
              <isoCode>CH</isoCode>
              
                  
									
                  
              <parents>
                
                    
										
                    
                <parents>
                  
                      
											
                      
                  <region>
                    
                        
												
                        
                    <rcn>1</rcn>
                    
                        
												
                        
                    <nutsCode>regionEf</nutsCode>
                    
                        
												
                        
                    <euCode>regionEf</euCode>
                    
                        
												
                        
                    <isoCode>regionEf</isoCode>
                    
                        
											
                      
                  </region>
                  
                      
										
                    
                </parents>
                
                    
										
                    
                <parents>
                  
                      
											
                      
                  <region>
                    
                        
												
                        
                    <rcn>4</rcn>
                    
                        
												
                        
                    <nutsCode>regionWorld</nutsCode>
                    
                        
												
                        
                    <euCode>regionWorld</euCode>
                    
                        
												
                        
                    <isoCode>regionWorld</isoCode>
                    
                        
											
                      
                  </region>
                  
                      
										
                    
                </parents>
                
                    
										
                    
                <parents>
                  
                      
											
                      
                  <region>
                    
                        
												
                        
                    <rcn>6</rcn>
                    
                        
												
                        
                    <nutsCode>regionEuAssociated</nutsCode>
                    
                        
												
                        
                    <euCode>regionEuAssociated</euCode>
                    
                        
												
                        
                    <isoCode>regionEuAssociated</isoCode>
                    
                        
											
                      
                  </region>
                  
                      
										
                    
                </parents>
                
                    
									
                  
              </parents>
              
                  
								
                
            </region>
            
                
							
              
          </regions>
          
            
						
            
          <categories>
            
              
							
              
            <category classification="organizationActivityType" type="relatedOrganizationActivityType">
              
                
								
                
              <code>HES</code>
              
                
								
                
                
							
              
            </category>
            
              
						
            
          </categories>
          
            
					
          
        </relations>
        
          
				
        
      </organization>
      
        
			
      
        
				
        
      <organization ecContribution="429750" order="3" terminated="false" type="participant">
        
          
					
          
        <availableLanguages>en</availableLanguages>
        
          
					
          
        <rcn>2241068</rcn>
        
          
					
          
        <legalName>TECHNISCHE UNIVERSITAET WIEN</legalName>
        
          
					
          
        <shortName>TUW</shortName>
        
          
					
          
        <address>
          
            
						
            
          <country>AT</country>
          
            
					
          
        </address>
        
          
					
          
        <relations>
          
            
						
            
          <regions>
            
              
							
              
              
						
            
                
								
                
            <region type="relatedRegion">
              
                  
									
                  
              <rcn>175540776</rcn>
              
                  
									
                  
              <name>Austria</name>
              
                  
									
                  
              <nutsCode>AT</nutsCode>
              
                  
									
                  
              <euCode>AT</euCode>
              
                  
									
                  
              <isoCode>AT</isoCode>
              
                  
									
                  
              <parents>
                
                    
										
                    
                <parents>
                  
                      
											
                      
                  <region>
                    
                        
												
                        
                    <rcn>4</rcn>
                    
                        
												
                        
                    <nutsCode>regionWorld</nutsCode>
                    
                        
												
                        
                    <euCode>regionWorld</euCode>
                    
                        
												
                        
                    <isoCode>regionWorld</isoCode>
                    
                        
											
                      
                  </region>
                  
                      
										
                    
                </parents>
                
                    
										
                    
                <parents>
                  
                      
											
                      
                  <region>
                    
                        
												
                        
                    <rcn>5</rcn>
                    
                        
												
                        
                    <nutsCode>regionEuMemberstate</nutsCode>
                    
                        
												
                        
                    <euCode>regionEuMemberstate</euCode>
                    
                        
												
                        
                    <isoCode>regionEuMemberstate</isoCode>
                    
                        
											
                      
                  </region>
                  
                      
										
                    
                </parents>
                
                    
										
                    
                <parents>
                  
                      
											
                      
                  <region>
                    
                        
												
                        
                    <rcn>6</rcn>
                    
                        
												
                        
                    <nutsCode>regionEuAssociated</nutsCode>
                    
                        
												
                        
                    <euCode>regionEuAssociated</euCode>
                    
                        
												
                        
                    <isoCode>regionEuAssociated</isoCode>
                    
                        
											
                      
                  </region>
                  
                      
										
                    
                </parents>
                
                    
									
                  
              </parents>
              
                  
								
                
            </region>
            
                
							
              
          </regions>
          
            
						
            
          <categories>
            
              
							
              
            <category classification="organizationActivityType" type="relatedOrganizationActivityType">
              
                
								
                
              <code>HES</code>
              
                
								
                
                
							
              
            </category>
            
              
						
            
          </categories>
          
            
					
          
        </relations>
        
          
				
        
      </organization>
      
        
			
      
        
				
        
      <organization ecContribution="358581" order="8" terminated="false" type="participant">
        
          
					
          
        <availableLanguages>en</availableLanguages>
        
          
					
          
        <rcn>2241073</rcn>
        
          
					
          
        <legalName>TECHNISCHE UNIVERSITAET BERLIN</legalName>
        
          
					
          
        <shortName>TUB</shortName>
        
          
					
          
        <address>
          
            
						
            
          <country>DE</country>
          
            
					
          
        </address>
        
          
					
          
        <relations>
          
            
						
            
          <regions>
            
              
							
              
              
						
            
                
								
                
            <region type="relatedRegion">
              
                  
									
                  
              <rcn>221940264</rcn>
              
                  
									
                  
              <name>Germany</name>
              
                  
									
                  
              <nutsCode>DE</nutsCode>
              
                  
									
                  
              <euCode>DE</euCode>
              
                  
									
                  
              <isoCode>DE</isoCode>
              
                  
									
                  
              <parents>
                
                    
										
                    
                <parents>
                  
                      
											
                      
                  <region>
                    
                        
												
                        
                    <rcn>4</rcn>
                    
                        
												
                        
                    <nutsCode>regionWorld</nutsCode>
                    
                        
												
                        
                    <euCode>regionWorld</euCode>
                    
                        
												
                        
                    <isoCode>regionWorld</isoCode>
                    
                        
											
                      
                  </region>
                  
                      
										
                    
                </parents>
                
                    
										
                    
                <parents>
                  
                      
											
                      
                  <region>
                    
                        
												
                        
                    <rcn>5</rcn>
                    
                        
												
                        
                    <nutsCode>regionEuMemberstate</nutsCode>
                    
                        
												
                        
                    <euCode>regionEuMemberstate</euCode>
                    
                        
												
                        
                    <isoCode>regionEuMemberstate</isoCode>
                    
                        
											
                      
                  </region>
                  
                      
										
                    
                </parents>
                
                    
										
                    
                <parents>
                  
                      
											
                      
                  <region>
                    
                        
												
                        
                    <rcn>6</rcn>
                    
                        
												
                        
                    <nutsCode>regionEuAssociated</nutsCode>
                    
                        
												
                        
                    <euCode>regionEuAssociated</euCode>
                    
                        
												
                        
                    <isoCode>regionEuAssociated</isoCode>
                    
                        
											
                      
                  </region>
                  
                      
										
                    
                </parents>
                
                    
									
                  
              </parents>
              
                  
								
                
            </region>
            
                
							
              
          </regions>
          
            
						
            
          <categories>
            
              
							
              
            <category classification="organizationActivityType" type="relatedOrganizationActivityType">
              
                
								
                
              <code>HES</code>
              
                
								
                
                
							
              
            </category>
            
              
						
            
          </categories>
          
            
					
          
        </relations>
        
          
				
        
      </organization>
      
        
			
      
        
				
        
      <organization ecContribution="545825" order="5" terminated="false" type="participant">
        
          
					
          
        <availableLanguages>en</availableLanguages>
        
          
					
          
        <rcn>2241070</rcn>
        
          
					
          
        <legalName>OTTO BOCK HEALTHCARE PRODUCTS GMBH</legalName>
        
          
					
          
        <shortName>OBHP</shortName>
        
          
					
          
        <address>
          
            
						
            
          <country>AT</country>
          
            
					
          
        </address>
        
          
					
          
        <relations>
          
            
						
            
          <regions>
            
              
							
              
              
						
            
                
								
                
            <region type="relatedRegion">
              
                  
									
                  
              <rcn>175540776</rcn>
              
                  
									
                  
              <name>Austria</name>
              
                  
									
                  
              <nutsCode>AT</nutsCode>
              
                  
									
                  
              <euCode>AT</euCode>
              
                  
									
                  
              <isoCode>AT</isoCode>
              
                  
									
                  
              <parents>
                
                    
										
                    
                <parents>
                  
                      
											
                      
                  <region>
                    
                        
												
                        
                    <rcn>4</rcn>
                    
                        
												
                        
                    <nutsCode>regionWorld</nutsCode>
                    
                        
												
                        
                    <euCode>regionWorld</euCode>
                    
                        
												
                        
                    <isoCode>regionWorld</isoCode>
                    
                        
											
                      
                  </region>
                  
                      
										
                    
                </parents>
                
                    
										
                    
                <parents>
                  
                      
											
                      
                  <region>
                    
                        
												
                        
                    <rcn>5</rcn>
                    
                        
												
                        
                    <nutsCode>regionEuMemberstate</nutsCode>
                    
                        
												
                        
                    <euCode>regionEuMemberstate</euCode>
                    
                        
												
                        
                    <isoCode>regionEuMemberstate</isoCode>
                    
                        
											
                      
                  </region>
                  
                      
										
                    
                </parents>
                
                    
										
                    
                <parents>
                  
                      
											
                      
                  <region>
                    
                        
												
                        
                    <rcn>6</rcn>
                    
                        
												
                        
                    <nutsCode>regionEuAssociated</nutsCode>
                    
                        
												
                        
                    <euCode>regionEuAssociated</euCode>
                    
                        
												
                        
                    <isoCode>regionEuAssociated</isoCode>
                    
                        
											
                      
                  </region>
                  
                      
										
                    
                </parents>
                
                    
									
                  
              </parents>
              
                  
								
                
            </region>
            
                
							
              
          </regions>
          
            
						
            
          <categories>
            
              
							
              
            <category classification="organizationActivityType" type="relatedOrganizationActivityType">
              
                
								
                
              <code>PRC</code>
              
                
								
                
                
							
              
            </category>
            
              
						
            
          </categories>
          
            
					
          
        </relations>
        
          
				
        
      </organization>
      
        
			
      
        
				
        
      <organization ecContribution="412937.5" order="2" terminated="false" type="participant">
        
          
					
          
        <availableLanguages>en</availableLanguages>
        
          
					
          
        <rcn>2241067</rcn>
        
          
					
          
        <legalName>POLITECNICO DI MILANO</legalName>
        
          
					
          
        <shortName>POLIMI</shortName>
        
          
					
          
        <address>
          
            
						
            
          <country>IT</country>
          
            
					
          
        </address>
        
          
					
          
        <relations>
          
            
						
            
          <regions>
            
              
							
              
              
						
            
                
								
                
            <region type="relatedRegion">
              
                  
									
                  
              <rcn>309758504</rcn>
              
                  
									
                  
              <name>Italy</name>
              
                  
									
                  
              <nutsCode>IT</nutsCode>
              
                  
									
                  
              <euCode>IT</euCode>
              
                  
									
                  
              <isoCode>IT</isoCode>
              
                  
									
                  
              <parents>
                
                    
										
                    
                <parents>
                  
                      
											
                      
                  <region>
                    
                        
												
                        
                    <rcn>4</rcn>
                    
                        
												
                        
                    <nutsCode>regionWorld</nutsCode>
                    
                        
												
                        
                    <euCode>regionWorld</euCode>
                    
                        
												
                        
                    <isoCode>regionWorld</isoCode>
                    
                        
											
                      
                  </region>
                  
                      
										
                    
                </parents>
                
                    
										
                    
                <parents>
                  
                      
											
                      
                  <region>
                    
                        
												
                        
                    <rcn>5</rcn>
                    
                        
												
                        
                    <nutsCode>regionEuMemberstate</nutsCode>
                    
                        
												
                        
                    <euCode>regionEuMemberstate</euCode>
                    
                        
												
                        
                    <isoCode>regionEuMemberstate</isoCode>
                    
                        
											
                      
                  </region>
                  
                      
										
                    
                </parents>
                
                    
										
                    
                <parents>
                  
                      
											
                      
                  <region>
                    
                        
												
                        
                    <rcn>6</rcn>
                    
                        
												
                        
                    <nutsCode>regionEuAssociated</nutsCode>
                    
                        
												
                        
                    <euCode>regionEuAssociated</euCode>
                    
                        
												
                        
                    <isoCode>regionEuAssociated</isoCode>
                    
                        
											
                      
                  </region>
                  
                      
										
                    
                </parents>
                
                    
									
                  
              </parents>
              
                  
								
                
            </region>
            
                
							
              
          </regions>
          
            
						
            
          <categories>
            
              
							
              
            <category classification="organizationActivityType" type="relatedOrganizationActivityType">
              
                
								
                
              <code>HES</code>
              
                
								
                
                
							
              
            </category>
            
              
						
            
          </categories>
          
            
					
          
        </relations>
        
          
				
        
      </organization>
      
        
			
      
        
				
        
      <organization ecContribution="353750" order="6" terminated="false" type="participant">
        
          
					
          
        <availableLanguages>en</availableLanguages>
        
          
					
          
        <rcn>2241071</rcn>
        
          
					
          
        <legalName>CONGREGAZIONE DELLE SUORE INFERMIERE DELL ADDOLORATA</legalName>
        
          
					
          
        <shortName>VALDUCE</shortName>
        
          
					
          
        <address>
          
            
						
            
          <country>IT</country>
          
            
					
          
        </address>
        
          
					
          
        <relations>
          
            
						
            
          <regions>
            
              
							
              
              
						
            
                
								
                
            <region type="relatedRegion">
              
                  
									
                  
              <rcn>309758504</rcn>
              
                  
									
                  
              <name>Italy</name>
              
                  
									
                  
              <nutsCode>IT</nutsCode>
              
                  
									
                  
              <euCode>IT</euCode>
              
                  
									
                  
              <isoCode>IT</isoCode>
              
                  
									
                  
              <parents>
                
                    
										
                    
                <parents>
                  
                      
											
                      
                  <region>
                    
                        
												
                        
                    <rcn>4</rcn>
                    
                        
												
                        
                    <nutsCode>regionWorld</nutsCode>
                    
                        
												
                        
                    <euCode>regionWorld</euCode>
                    
                        
												
                        
                    <isoCode>regionWorld</isoCode>
                    
                        
											
                      
                  </region>
                  
                      
										
                    
                </parents>
                
                    
										
                    
                <parents>
                  
                      
											
                      
                  <region>
                    
                        
												
                        
                    <rcn>5</rcn>
                    
                        
												
                        
                    <nutsCode>regionEuMemberstate</nutsCode>
                    
                        
												
                        
                    <euCode>regionEuMemberstate</euCode>
                    
                        
												
                        
                    <isoCode>regionEuMemberstate</isoCode>
                    
                        
											
                      
                  </region>
                  
                      
										
                    
                </parents>
                
                    
										
                    
                <parents>
                  
                      
											
                      
                  <region>
                    
                        
												
                        
                    <rcn>6</rcn>
                    
                        
												
                        
                    <nutsCode>regionEuAssociated</nutsCode>
                    
                        
												
                        
                    <euCode>regionEuAssociated</euCode>
                    
                        
												
                        
                    <isoCode>regionEuAssociated</isoCode>
                    
                        
											
                      
                  </region>
                  
                      
										
                    
                </parents>
                
                    
									
                  
              </parents>
              
                  
								
                
            </region>
            
                
							
              
          </regions>
          
            
						
            
          <categories>
            
              
							
              
            <category classification="organizationActivityType" type="relatedOrganizationActivityType">
              
                
								
                
              <code>REC</code>
              
                
								
                
                
							
              
            </category>
            
              
						
            
          </categories>
          
            
					
          
        </relations>
        
          
				
        
      </organization>
      
        
			
      
        
				
        
      <organization ecContribution="289887.5" order="9" terminated="false" type="participant">
        
          
					
          
        <availableLanguages>en</availableLanguages>
        
          
					
          
        <rcn>2241074</rcn>
        
          
					
          
        <legalName>HASOMED HARD-UND SOFTWARE FUER MEDIZIN GESELLSCHAFT MBH</legalName>
        
          
					
          
        <shortName>HASOMED</shortName>
        
          
					
          
        <address>
          
            
						
            
          <country>DE</country>
          
            
					
          
        </address>
        
          
					
          
        <relations>
          
            
						
            
          <regions>
            
              
							
              
              
						
            
                
								
                
            <region type="relatedRegion">
              
                  
									
                  
              <rcn>221940264</rcn>
              
                  
									
                  
              <name>Germany</name>
              
                  
									
                  
              <nutsCode>DE</nutsCode>
              
                  
									
                  
              <euCode>DE</euCode>
              
                  
									
                  
              <isoCode>DE</isoCode>
              
                  
									
                  
              <parents>
                
                    
										
                    
                <parents>
                  
                      
											
                      
                  <region>
                    
                        
												
                        
                    <rcn>4</rcn>
                    
                        
												
                        
                    <nutsCode>regionWorld</nutsCode>
                    
                        
												
                        
                    <euCode>regionWorld</euCode>
                    
                        
												
                        
                    <isoCode>regionWorld</isoCode>
                    
                        
											
                      
                  </region>
                  
                      
										
                    
                </parents>
                
                    
										
                    
                <parents>
                  
                      
											
                      
                  <region>
                    
                        
												
                        
                    <rcn>5</rcn>
                    
                        
												
                        
                    <nutsCode>regionEuMemberstate</nutsCode>
                    
                        
												
                        
                    <euCode>regionEuMemberstate</euCode>
                    
                        
												
                        
                    <isoCode>regionEuMemberstate</isoCode>
                    
                        
											
                      
                  </region>
                  
                      
										
                    
                </parents>
                
                    
										
                    
                <parents>
                  
                      
											
                      
                  <region>
                    
                        
												
                        
                    <rcn>6</rcn>
                    
                        
												
                        
                    <nutsCode>regionEuAssociated</nutsCode>
                    
                        
												
                        
                    <euCode>regionEuAssociated</euCode>
                    
                        
												
                        
                    <isoCode>regionEuAssociated</isoCode>
                    
                        
											
                      
                  </region>
                  
                      
										
                    
                </parents>
                
                    
									
                  
              </parents>
              
                  
								
                
            </region>
            
                
							
              
          </regions>
          
            
						
            
          <categories>
            
              
							
              
            <category classification="organizationActivityType" type="relatedOrganizationActivityType">
              
                
								
                
              <code>PRC</code>
              
                
								
                
                
							
              
            </category>
            
              
						
            
          </categories>
          
            
					
          
        </relations>
        
          
				
        
      </organization>
      
        
			
      
    </associations>
    
    
		
    
    <categories>
      
      
			
      
      <category classification="projectFundingSchemeCategory" type="relatedProjectFundingSchemeCategory">
        
        
				
        
        <availableLanguages>en</availableLanguages>
        
        
				
        
        <code>IA</code>
        
        
				
        
        
			
      
      </category>
      
      
		
    
    </categories>
    
    
	
  
  </relations>
  
  
	


</project>

