<?xml version="1.0" encoding="UTF-8"?>
<project xmlns="http://cordis.europa.eu">
  
  
	
	
  
  <language>en</language>
  
  
	
  
  <availableLanguages>en</availableLanguages>
  
  
	
  
  <rcn>195436</rcn>
  
  
	
	
  
  <reference>657357</reference>
  
  
	
	
  
  <acronym>WINTERC-3D</acronym>
  
  
	
	
  
  <teaser>The thermochemical structure of the Earth’s lithosphere and underlying mantle controls fundamental dynamic processes including volcanism, seismic activity and surface topography variations. The growth of very large terrestrial and satellite geophysical data sets over the las...</teaser>
  
  
	
	
  
  <objective>The thermochemical structure of the Earth’s lithosphere and underlying mantle controls fundamental dynamic processes including volcanism, seismic activity and surface topography variations. The growth of very large terrestrial and satellite geophysical data sets over the last few years, together with the advancement of petrological and geophysical modelling techniques, now present an opportunity for global, thermochemical 3D imaging of the lithosphere and upper mantle with unprecedented resolution. Established methods of seismic tomography and gravity data analysis constrain distributions of seismic velocity and density at depth, both depending on temperature and composition of the rocks within the Earth. However, independent modelling and inversion or a simple combination of models based on gravity and seismic data alone suffer from the intrinsic non-uniqueness of each type of models. Thermodynamic links between seismic velocities, density, temperature, pressure and composition within the Earth can now be modelled accurately using new methods of computational petrology. This project combines state-of-the-art seismic waveform tomography (using both surface and body waves), newly available global gravity satellite data (geoid and gravity anomalies and new gradiometric measurements from GOCE mission) and surface elevation within a self-consistent thermodynamic framework. A new method for global thermodynamic tomography will be developed and applied to obtain a robust and, at the same time, detailed thermochemical model of the Earth’s lithosphere and upper mantle.</objective>
  
  
	
	
  
  <title>Thermochemical imaging of the Earth’s mantle: Global inversion of seismic waveforms, satellite gravity data and surface elevation</title>
  
  
	
	
  
  <totalCost>187866</totalCost>
  
  
	
	
  
  <ecMaxContribution>187866</ecMaxContribution>
  
  
	
	
  
  <startDate>2015-03-01</startDate>
  
  
	
	
  
  <endDate>2017-03-01</endDate>
  
  
	
	
  
  <contract>
    
    
		
    
    <duration>24</duration>
    
    
	
  
  </contract>
  
  
	
  
  <status>SIGNED</status>
  
  
	
	
  
  <contentCreationDate>2015-05-05 19:09:30</contentCreationDate>
  
  
	
	
  
  <contentUpdateDate>2015-05-05 19:09:30</contentUpdateDate>
  
  
	
	
  
  <lastUpdateDate>2015-05-05 19:09:30</lastUpdateDate>
  
  
	
	
  
  <relations>
    
    
		
    
    <associations>
      
      
			
      
      
			
      
      
			
      
      
			
      
      
		
    
        
				
        
      <programme type="relatedProgramme">
        
          
					
          
        <availableLanguages>en</availableLanguages>
        
          
					
          
        <rcn>664113</rcn>
        
          
					
          
        <code>H2020-EU.1.3.2.</code>
        
          
					
          
        <pga>H2020-EU.1.3.2.</pga>
        
          
					
          
        <title>Nurturing excellence by means of cross-border and cross-sector mobility</title>
        
          
					
          
        <parent>
          
            
						
            
          <parent>
            
              
							
              
            <programme>
              
                
								
                
              <rcn>664109</rcn>
              
                
								
                
              <code>H2020-EU.1.3.</code>
              
                
								
                
              <parent>
                
                  
									
                  
                <parent>
                  
                    
										
                    
                  <programme>
                    
                      
											
                      
                    <rcn>664091</rcn>
                    
                      
											
                      
                    <code>H2020-EU.1.</code>
                    
                      
											
                      
                    <parent>
                      
                        
												
                        
                      <parent>
                        
                          
													
                          
                        <programme>
                          
                            
														
                            
                          <rcn>664087</rcn>
                          
                            
														
                            
                          <code>H2020-EC</code>
                          
                            
														
                            
                          <parent>
                            
                              
															
                              
                            <parent>
                              
                                
																
                                
                              <programme>
                                
                                  
																	
                                  
                                <rcn>664086</rcn>
                                
                                  
																	
                                  
                                <code>H2020</code>
                                
                                  
																
                                
                              </programme>
                              
                                
															
                              
                            </parent>
                            
                              
														
                            
                          </parent>
                          
                            
													
                          
                        </programme>
                        
                          
												
                        
                      </parent>
                      
                        
											
                      
                    </parent>
                    
                      
										
                    
                  </programme>
                  
                    
									
                  
                </parent>
                
                  
								
                
              </parent>
              
                
							
              
            </programme>
            
              
						
            
          </parent>
          
            
					
          
        </parent>
        
          
				
        
      </programme>
      
        
			
      
        
				
        
      <programme type="relatedSubProgramme">
        
          
					
          
        <availableLanguages>en,any</availableLanguages>
        
          
					
          
        <rcn>664546</rcn>
        
          
					
          
        <code>MSCA-IF-2014-EF</code>
        
          
					
          
        <title>Marie Skłodowska-Curie Individual Fellowships (IF-EF)</title>
        
          
					
          
        <parent>
          
            
						
            
          <parent>
            
              
							
              
            <programme>
              
                
								
                
              <rcn>20200</rcn>
              
                
								
                
              <code>H2020-Topics</code>
              
                
							
              
            </programme>
            
              
						
            
          </parent>
          
            
					
          
        </parent>
        
          
				
        
      </programme>
      
        
			
      
        
				
        
      <call type="relatedCall">
        
          
					
          
        <rcn>183</rcn>
        
          
					
          
        <title>H2020-MSCA-IF-2014</title>
        
          
					
          
        <identifier>H2020-MSCA-IF-2014</identifier>
        
          
				
        
      </call>
      
        
			
      
        
				
        
      <organization ecContribution="187866" order="1" terminated="false" type="coordinator">
        
          
					
          
        <availableLanguages>en</availableLanguages>
        
          
					
          
        <rcn>2246207</rcn>
        
          
					
          
        <legalName>DUBLIN INSTITUTE FOR ADVANCED STUDIES</legalName>
        
          
					
          
        <shortName>DUBLIN INSTITUTE FOR ADVANCED STUDIES</shortName>
        
          
					
          
        <address>
          
            
						
            
          <country>IE</country>
          
            
					
          
        </address>
        
          
					
          
        <relations>
          
            
						
            
          <regions>
            
              
							
              
              
						
            
                
								
                
            <region type="relatedRegion">
              
                  
									
                  
              <rcn>305826344</rcn>
              
                  
									
                  
              <name>Ireland</name>
              
                  
									
                  
              <nutsCode>IE</nutsCode>
              
                  
									
                  
              <euCode>IE</euCode>
              
                  
									
                  
              <isoCode>IE</isoCode>
              
                  
									
                  
              <parents>
                
                    
										
                    
                <parents>
                  
                      
											
                      
                  <region>
                    
                        
												
                        
                    <rcn>4</rcn>
                    
                        
												
                        
                    <nutsCode>regionWorld</nutsCode>
                    
                        
												
                        
                    <euCode>regionWorld</euCode>
                    
                        
												
                        
                    <isoCode>regionWorld</isoCode>
                    
                        
											
                      
                  </region>
                  
                      
										
                    
                </parents>
                
                    
										
                    
                <parents>
                  
                      
											
                      
                  <region>
                    
                        
												
                        
                    <rcn>5</rcn>
                    
                        
												
                        
                    <nutsCode>regionEuMemberstate</nutsCode>
                    
                        
												
                        
                    <euCode>regionEuMemberstate</euCode>
                    
                        
												
                        
                    <isoCode>regionEuMemberstate</isoCode>
                    
                        
											
                      
                  </region>
                  
                      
										
                    
                </parents>
                
                    
										
                    
                <parents>
                  
                      
											
                      
                  <region>
                    
                        
												
                        
                    <rcn>6</rcn>
                    
                        
												
                        
                    <nutsCode>regionEuAssociated</nutsCode>
                    
                        
												
                        
                    <euCode>regionEuAssociated</euCode>
                    
                        
												
                        
                    <isoCode>regionEuAssociated</isoCode>
                    
                        
											
                      
                  </region>
                  
                      
										
                    
                </parents>
                
                    
									
                  
              </parents>
              
                  
								
                
            </region>
            
                
							
              
          </regions>
          
            
						
            
          <categories>
            
              
							
              
            <category classification="organizationActivityType" type="relatedOrganizationActivityType">
              
                
								
                
              <code>HES</code>
              
                
								
                
                
							
              
            </category>
            
              
						
            
          </categories>
          
            
					
          
        </relations>
        
          
				
        
      </organization>
      
        
			
      
    </associations>
    
    
		
    
    <categories>
      
      
			
      
      <category classification="projectFundingSchemeCategory" type="relatedProjectFundingSchemeCategory">
        
        
				
        
        <availableLanguages>en</availableLanguages>
        
        
				
        
        <code>MSCA-IF-EF-ST</code>
        
        
				
        
        
			
      
      </category>
      
      
		
    
    </categories>
    
    
	
  
  </relations>
  
  
	


</project>

