<?xml version="1.0" encoding="UTF-8"?>
<project xmlns="http://cordis.europa.eu">
  
  
	
	
  
  <language>en</language>
  
  
	
  
  <availableLanguages>en</availableLanguages>
  
  
	
  
  <rcn>194857</rcn>
  
  
	
	
  
  <reference>653383</reference>
  
  
	
	
  
  <acronym>IMPACT</acronym>
  
  
	
	
  
  <teaser>The objective of the IMPACT project is to investigate the essential role played by cultural factors in managing safety- and security-issues related to emergencies in public transport systems.
The IMPACT Coordination and Supporting Action is aimed at analysing the different cul...</teaser>
  
  
	
	
  
  <objective>The objective of the IMPACT project is to investigate the essential role played by cultural factors in managing safety- and security-issues related to emergencies in public transport systems.
The IMPACT Coordination and Supporting Action is aimed at analysing the different cultural behaviours for the prevention of emergencies  with particular emphasis on risk and situational awareness perception of the different cultural groups; information to passengers with different socio-cultural backgrounds; cooperation towards prevention of security threats; security checks.
Moreover, it is aimed at analysing the different cultural behaviours for the management of emergency events and the post-events with particular emphasis on: crowd management; management of first responders to care for different cultural groups; information to passengers.
From the above analyses IMPACT will produce a cultural risk assessment methodology and the associated mitigation actions for the public transport sector also developing simulators and models; identify innovative solutions that can support public transport operators in improving the communication with passengers through tailored messages to the different cultural communities  (via mobile phones and social networks) and other solutions to enhance the management of emergencies considering cultural aspects;  develop best practices, dedicated training material and procedures for both public transport operators and first responders; develop policy recommendations for policy makers, regulators, municipalities and public transport operators.
The IMPACT Consortium has an intercultural and interdisciplinary approach with an extensive expertise in different disciplines, ranging from social and cultural psychology, sociology and anthropology, to safety, security and emergency management and from computer-science to communication and event organization. The consortium is composed by 2 SMEs, 1 big Industry, 4 Universities and 1 National Authority.
</objective>
  
  
	
	
  
  <title>Impact of Cultural aspects in the management of emergencies in public Transport</title>
  
  
	
	
  
  <totalCost>1398912.5</totalCost>
  
  
	
	
  
  <ecMaxContribution>1398912.5</ecMaxContribution>
  
  
	
	
  
  <startDate>2015-05-01</startDate>
  
  
	
	
  
  <endDate>2017-11-01</endDate>
  
  
	
	
  
  <contract>
    
    
		
    
    <duration>30</duration>
    
    
	
  
  </contract>
  
  
	
  
  <status>SIGNED</status>
  
  
	
	
  
  <contentCreationDate>2015-05-05 18:20:27</contentCreationDate>
  
  
	
	
  
  <contentUpdateDate>2015-05-05 18:20:27</contentUpdateDate>
  
  
	
	
  
  <lastUpdateDate>2015-05-05 18:20:27</lastUpdateDate>
  
  
	
	
  
  <relations>
    
    
		
    
    <associations>
      
      
			
      
      
			
      
      
			
      
      
			
      
      
			
      
      
			
      
      
			
      
      
			
      
      
			
      
      
			
      
      
			
      
      
		
    
        
				
        
      <programme type="relatedProgramme">
        
          
					
          
        <availableLanguages>en</availableLanguages>
        
          
					
          
        <rcn>664463</rcn>
        
          
					
          
        <code>H2020-EU.3.7.</code>
        
          
					
          
        <pga>H2020-EU.3.7.</pga>
        
          
					
          
        <title>Secure societies - protecting freedom and security of Europe and its citizens</title>
        
          
					
          
        <parent>
          
            
						
            
          <parent>
            
              
							
              
            <programme>
              
                
								
                
              <rcn>664235</rcn>
              
                
								
                
              <code>H2020-EU.3.</code>
              
                
								
                
              <parent>
                
                  
									
                  
                <parent>
                  
                    
										
                    
                  <programme>
                    
                      
											
                      
                    <rcn>664087</rcn>
                    
                      
											
                      
                    <code>H2020-EC</code>
                    
                      
											
                      
                    <parent>
                      
                        
												
                        
                      <parent>
                        
                          
													
                          
                        <programme>
                          
                            
														
                            
                          <rcn>664086</rcn>
                          
                            
														
                            
                          <code>H2020</code>
                          
                            
													
                          
                        </programme>
                        
                          
												
                        
                      </parent>
                      
                        
											
                      
                    </parent>
                    
                      
										
                    
                  </programme>
                  
                    
									
                  
                </parent>
                
                  
								
                
              </parent>
              
                
							
              
            </programme>
            
              
						
            
          </parent>
          
            
					
          
        </parent>
        
          
				
        
      </programme>
      
        
			
      
        
				
        
      <programme type="relatedSubProgramme">
        
          
					
          
        <availableLanguages>en,any</availableLanguages>
        
          
					
          
        <rcn>665094</rcn>
        
          
					
          
        <code>DRS-21-2014</code>
        
          
					
          
        <title>Ethical/Societal Dimension topic 2: Better understanding the links between culture, risk perception and disaster management</title>
        
          
					
          
        <parent>
          
            
						
            
          <parent>
            
              
							
              
            <programme>
              
                
								
                
              <rcn>20200</rcn>
              
                
								
                
              <code>H2020-Topics</code>
              
                
							
              
            </programme>
            
              
						
            
          </parent>
          
            
					
          
        </parent>
        
          
				
        
      </programme>
      
        
			
      
        
				
        
      <call type="relatedCall">
        
          
					
          
        <rcn>687</rcn>
        
          
					
          
        <title>H2020-DRS-2014</title>
        
          
					
          
        <identifier>H2020-DRS-2014</identifier>
        
          
				
        
      </call>
      
        
			
      
        
				
        
      <organization ecContribution="288750" order="1" terminated="false" type="coordinator">
        
          
					
          
        <availableLanguages>en</availableLanguages>
        
          
					
          
        <rcn>2244566</rcn>
        
          
					
          
        <legalName>DEEP BLUE SRL</legalName>
        
          
					
          
        <shortName>DEEP BLUE</shortName>
        
          
					
          
        <address>
          
            
						
            
          <country>IT</country>
          
            
					
          
        </address>
        
          
					
          
        <relations>
          
            
						
            
          <regions>
            
              
							
              
              
						
            
                
								
                
            <region type="relatedRegion">
              
                  
									
                  
              <rcn>309758504</rcn>
              
                  
									
                  
              <name>Italy</name>
              
                  
									
                  
              <nutsCode>IT</nutsCode>
              
                  
									
                  
              <euCode>IT</euCode>
              
                  
									
                  
              <isoCode>IT</isoCode>
              
                  
									
                  
              <parents>
                
                    
										
                    
                <parents>
                  
                      
											
                      
                  <region>
                    
                        
												
                        
                    <rcn>4</rcn>
                    
                        
												
                        
                    <nutsCode>regionWorld</nutsCode>
                    
                        
												
                        
                    <euCode>regionWorld</euCode>
                    
                        
												
                        
                    <isoCode>regionWorld</isoCode>
                    
                        
											
                      
                  </region>
                  
                      
										
                    
                </parents>
                
                    
										
                    
                <parents>
                  
                      
											
                      
                  <region>
                    
                        
												
                        
                    <rcn>5</rcn>
                    
                        
												
                        
                    <nutsCode>regionEuMemberstate</nutsCode>
                    
                        
												
                        
                    <euCode>regionEuMemberstate</euCode>
                    
                        
												
                        
                    <isoCode>regionEuMemberstate</isoCode>
                    
                        
											
                      
                  </region>
                  
                      
										
                    
                </parents>
                
                    
										
                    
                <parents>
                  
                      
											
                      
                  <region>
                    
                        
												
                        
                    <rcn>6</rcn>
                    
                        
												
                        
                    <nutsCode>regionEuAssociated</nutsCode>
                    
                        
												
                        
                    <euCode>regionEuAssociated</euCode>
                    
                        
												
                        
                    <isoCode>regionEuAssociated</isoCode>
                    
                        
											
                      
                  </region>
                  
                      
										
                    
                </parents>
                
                    
									
                  
              </parents>
              
                  
								
                
            </region>
            
                
							
              
          </regions>
          
            
						
            
          <categories>
            
              
							
              
            <category classification="organizationActivityType" type="relatedOrganizationActivityType">
              
                
								
                
              <code>PRC</code>
              
                
								
                
                
							
              
            </category>
            
              
						
            
          </categories>
          
            
					
          
        </relations>
        
          
				
        
      </organization>
      
        
			
      
        
				
        
      <organization ecContribution="237500" order="2" terminated="false" type="participant">
        
          
					
          
        <availableLanguages>en</availableLanguages>
        
          
					
          
        <rcn>2244567</rcn>
        
          
					
          
        <legalName>PROPRS Ltd.</legalName>
        
          
					
          
        <shortName>PRO</shortName>
        
          
					
          
        <address>
          
            
						
            
          <country>UK</country>
          
            
					
          
        </address>
        
          
					
          
        <relations>
          
            
						
            
          <regions>
            
              
							
              
              
						
            
                
								
                
            <region type="relatedRegion">
              
                  
									
                  
              <rcn>508725800</rcn>
              
                  
									
                  
              <name>United Kingdom</name>
              
                  
									
                  
              <nutsCode>UK</nutsCode>
              
                  
									
                  
              <euCode>UK</euCode>
              
                  
									
                  
              <isoCode>GB</isoCode>
              
                  
									
                  
              <parents>
                
                    
										
                    
                <parents>
                  
                      
											
                      
                  <region>
                    
                        
												
                        
                    <rcn>4</rcn>
                    
                        
												
                        
                    <nutsCode>regionWorld</nutsCode>
                    
                        
												
                        
                    <euCode>regionWorld</euCode>
                    
                        
												
                        
                    <isoCode>regionWorld</isoCode>
                    
                        
											
                      
                  </region>
                  
                      
										
                    
                </parents>
                
                    
										
                    
                <parents>
                  
                      
											
                      
                  <region>
                    
                        
												
                        
                    <rcn>5</rcn>
                    
                        
												
                        
                    <nutsCode>regionEuMemberstate</nutsCode>
                    
                        
												
                        
                    <euCode>regionEuMemberstate</euCode>
                    
                        
												
                        
                    <isoCode>regionEuMemberstate</isoCode>
                    
                        
											
                      
                  </region>
                  
                      
										
                    
                </parents>
                
                    
										
                    
                <parents>
                  
                      
											
                      
                  <region>
                    
                        
												
                        
                    <rcn>6</rcn>
                    
                        
												
                        
                    <nutsCode>regionEuAssociated</nutsCode>
                    
                        
												
                        
                    <euCode>regionEuAssociated</euCode>
                    
                        
												
                        
                    <isoCode>regionEuAssociated</isoCode>
                    
                        
											
                      
                  </region>
                  
                      
										
                    
                </parents>
                
                    
									
                  
              </parents>
              
                  
								
                
            </region>
            
                
							
              
          </regions>
          
            
						
            
          <categories>
            
              
							
              
            <category classification="organizationActivityType" type="relatedOrganizationActivityType">
              
                
								
                
              <code>PRC</code>
              
                
								
                
                
							
              
            </category>
            
              
						
            
          </categories>
          
            
					
          
        </relations>
        
          
				
        
      </organization>
      
        
			
      
        
				
        
      <organization ecContribution="68750" order="7" terminated="false" type="participant">
        
          
					
          
        <availableLanguages>en</availableLanguages>
        
          
					
          
        <rcn>2244578</rcn>
        
          
					
          
        <legalName>URZAD MORSKI W GDYNI</legalName>
        
          
					
          
        <shortName>Maritime Office in Gdynia</shortName>
        
          
					
          
        <address>
          
            
						
            
          <country>PL</country>
          
            
					
          
        </address>
        
          
					
          
        <relations>
          
            
						
            
          <regions>
            
              
							
              
              
						
            
                
								
                
            <region type="relatedRegion">
              
                  
									
                  
              <rcn>425101864</rcn>
              
                  
									
                  
              <name>Poland</name>
              
                  
									
                  
              <nutsCode>PL</nutsCode>
              
                  
									
                  
              <euCode>PL</euCode>
              
                  
									
                  
              <isoCode>PL</isoCode>
              
                  
									
                  
              <parents>
                
                    
										
                    
                <parents>
                  
                      
											
                      
                  <region>
                    
                        
												
                        
                    <rcn>4</rcn>
                    
                        
												
                        
                    <nutsCode>regionWorld</nutsCode>
                    
                        
												
                        
                    <euCode>regionWorld</euCode>
                    
                        
												
                        
                    <isoCode>regionWorld</isoCode>
                    
                        
											
                      
                  </region>
                  
                      
										
                    
                </parents>
                
                    
										
                    
                <parents>
                  
                      
											
                      
                  <region>
                    
                        
												
                        
                    <rcn>5</rcn>
                    
                        
												
                        
                    <nutsCode>regionEuMemberstate</nutsCode>
                    
                        
												
                        
                    <euCode>regionEuMemberstate</euCode>
                    
                        
												
                        
                    <isoCode>regionEuMemberstate</isoCode>
                    
                        
											
                      
                  </region>
                  
                      
										
                    
                </parents>
                
                    
										
                    
                <parents>
                  
                      
											
                      
                  <region>
                    
                        
												
                        
                    <rcn>6</rcn>
                    
                        
												
                        
                    <nutsCode>regionEuAssociated</nutsCode>
                    
                        
												
                        
                    <euCode>regionEuAssociated</euCode>
                    
                        
												
                        
                    <isoCode>regionEuAssociated</isoCode>
                    
                        
											
                      
                  </region>
                  
                      
										
                    
                </parents>
                
                    
									
                  
              </parents>
              
                  
								
                
            </region>
            
                
							
              
          </regions>
          
            
						
            
          <categories>
            
              
							
              
            <category classification="organizationActivityType" type="relatedOrganizationActivityType">
              
                
								
                
              <code>PUB</code>
              
                
								
                
                
							
              
            </category>
            
              
						
            
          </categories>
          
            
					
          
        </relations>
        
          
				
        
      </organization>
      
        
			
      
        
				
        
      <organization ecContribution="113750" order="6" terminated="false" type="participant">
        
          
					
          
        <availableLanguages>en</availableLanguages>
        
          
					
          
        <rcn>2244575</rcn>
        
          
					
          
        <legalName>ANADOLU UNIVERSITY</legalName>
        
          
					
          
        <shortName>AU</shortName>
        
          
					
          
        <address>
          
            
						
            
          <country>TR</country>
          
            
					
          
        </address>
        
          
					
          
        <relations>
          
            
						
            
          <regions>
            
              
							
              
              
						
            
                
								
                
            <region type="relatedRegion">
              
                  
									
                  
              <rcn>493783592</rcn>
              
                  
									
                  
              <name>Turkey</name>
              
                  
									
                  
              <nutsCode>TR</nutsCode>
              
                  
									
                  
              <euCode>TR</euCode>
              
                  
									
                  
              <isoCode>TR</isoCode>
              
                  
									
                  
              <parents>
                
                    
										
                    
                <parents>
                  
                      
											
                      
                  <region>
                    
                        
												
                        
                    <rcn>4</rcn>
                    
                        
												
                        
                    <nutsCode>regionWorld</nutsCode>
                    
                        
												
                        
                    <euCode>regionWorld</euCode>
                    
                        
												
                        
                    <isoCode>regionWorld</isoCode>
                    
                        
											
                      
                  </region>
                  
                      
										
                    
                </parents>
                
                    
										
                    
                <parents>
                  
                      
											
                      
                  <region>
                    
                        
												
                        
                    <rcn>6</rcn>
                    
                        
												
                        
                    <nutsCode>regionEuAssociated</nutsCode>
                    
                        
												
                        
                    <euCode>regionEuAssociated</euCode>
                    
                        
												
                        
                    <isoCode>regionEuAssociated</isoCode>
                    
                        
											
                      
                  </region>
                  
                      
										
                    
                </parents>
                
                    
									
                  
              </parents>
              
                  
								
                
            </region>
            
                
							
              
          </regions>
          
            
						
            
          <categories>
            
              
							
              
            <category classification="organizationActivityType" type="relatedOrganizationActivityType">
              
                
								
                
              <code>HES</code>
              
                
								
                
                
							
              
            </category>
            
              
						
            
          </categories>
          
            
					
          
        </relations>
        
          
				
        
      </organization>
      
        
			
      
        
				
        
      <organization ecContribution="218025" order="4" terminated="false" type="participant">
        
          
					
          
        <availableLanguages>en</availableLanguages>
        
          
					
          
        <rcn>2244571</rcn>
        
          
					
          
        <legalName>STICHTING VU-VUMC</legalName>
        
          
					
          
        <shortName>VU/VUmc</shortName>
        
          
					
          
        <address>
          
            
						
            
          <country>NL</country>
          
            
					
          
        </address>
        
          
					
          
        <relations>
          
            
						
            
          <regions>
            
              
							
              
              
						
            
                
								
                
            <region type="relatedRegion">
              
                  
									
                  
              <rcn>391547432</rcn>
              
                  
									
                  
              <name>Netherlands</name>
              
                  
									
                  
              <nutsCode>NL</nutsCode>
              
                  
									
                  
              <euCode>NL</euCode>
              
                  
									
                  
              <isoCode>NL</isoCode>
              
                  
									
                  
              <parents>
                
                    
										
                    
                <parents>
                  
                      
											
                      
                  <region>
                    
                        
												
                        
                    <rcn>4</rcn>
                    
                        
												
                        
                    <nutsCode>regionWorld</nutsCode>
                    
                        
												
                        
                    <euCode>regionWorld</euCode>
                    
                        
												
                        
                    <isoCode>regionWorld</isoCode>
                    
                        
											
                      
                  </region>
                  
                      
										
                    
                </parents>
                
                    
										
                    
                <parents>
                  
                      
											
                      
                  <region>
                    
                        
												
                        
                    <rcn>5</rcn>
                    
                        
												
                        
                    <nutsCode>regionEuMemberstate</nutsCode>
                    
                        
												
                        
                    <euCode>regionEuMemberstate</euCode>
                    
                        
												
                        
                    <isoCode>regionEuMemberstate</isoCode>
                    
                        
											
                      
                  </region>
                  
                      
										
                    
                </parents>
                
                    
										
                    
                <parents>
                  
                      
											
                      
                  <region>
                    
                        
												
                        
                    <rcn>6</rcn>
                    
                        
												
                        
                    <nutsCode>regionEuAssociated</nutsCode>
                    
                        
												
                        
                    <euCode>regionEuAssociated</euCode>
                    
                        
												
                        
                    <isoCode>regionEuAssociated</isoCode>
                    
                        
											
                      
                  </region>
                  
                      
										
                    
                </parents>
                
                    
									
                  
              </parents>
              
                  
								
                
            </region>
            
                
							
              
          </regions>
          
            
						
            
          <categories>
            
              
							
              
            <category classification="organizationActivityType" type="relatedOrganizationActivityType">
              
                
								
                
              <code>HES</code>
              
                
								
                
                
							
              
            </category>
            
              
						
            
          </categories>
          
            
					
          
        </relations>
        
          
				
        
      </organization>
      
        
			
      
        
				
        
      <organization ecContribution="207387.5" order="3" terminated="false" type="participant">
        
          
					
          
        <availableLanguages>en</availableLanguages>
        
          
					
          
        <rcn>2244570</rcn>
        
          
					
          
        <legalName>UNIVERSITY OF LEEDS</legalName>
        
          
					
          
        <shortName>UNIVLEEDS</shortName>
        
          
					
          
        <address>
          
            
						
            
          <country>UK</country>
          
            
					
          
        </address>
        
          
					
          
        <relations>
          
            
						
            
          <regions>
            
              
							
              
              
						
            
                
								
                
            <region type="relatedRegion">
              
                  
									
                  
              <rcn>508725800</rcn>
              
                  
									
                  
              <name>United Kingdom</name>
              
                  
									
                  
              <nutsCode>UK</nutsCode>
              
                  
									
                  
              <euCode>UK</euCode>
              
                  
									
                  
              <isoCode>GB</isoCode>
              
                  
									
                  
              <parents>
                
                    
										
                    
                <parents>
                  
                      
											
                      
                  <region>
                    
                        
												
                        
                    <rcn>4</rcn>
                    
                        
												
                        
                    <nutsCode>regionWorld</nutsCode>
                    
                        
												
                        
                    <euCode>regionWorld</euCode>
                    
                        
												
                        
                    <isoCode>regionWorld</isoCode>
                    
                        
											
                      
                  </region>
                  
                      
										
                    
                </parents>
                
                    
										
                    
                <parents>
                  
                      
											
                      
                  <region>
                    
                        
												
                        
                    <rcn>5</rcn>
                    
                        
												
                        
                    <nutsCode>regionEuMemberstate</nutsCode>
                    
                        
												
                        
                    <euCode>regionEuMemberstate</euCode>
                    
                        
												
                        
                    <isoCode>regionEuMemberstate</isoCode>
                    
                        
											
                      
                  </region>
                  
                      
										
                    
                </parents>
                
                    
										
                    
                <parents>
                  
                      
											
                      
                  <region>
                    
                        
												
                        
                    <rcn>6</rcn>
                    
                        
												
                        
                    <nutsCode>regionEuAssociated</nutsCode>
                    
                        
												
                        
                    <euCode>regionEuAssociated</euCode>
                    
                        
												
                        
                    <isoCode>regionEuAssociated</isoCode>
                    
                        
											
                      
                  </region>
                  
                      
										
                    
                </parents>
                
                    
									
                  
              </parents>
              
                  
								
                
            </region>
            
                
							
              
          </regions>
          
            
						
            
          <categories>
            
              
							
              
            <category classification="organizationActivityType" type="relatedOrganizationActivityType">
              
                
								
                
              <code>HES</code>
              
                
								
                
                
							
              
            </category>
            
              
						
            
          </categories>
          
            
					
          
        </relations>
        
          
				
        
      </organization>
      
        
			
      
        
				
        
      <organization ecContribution="119750" order="5" terminated="false" type="participant">
        
          
					
          
        <availableLanguages>en</availableLanguages>
        
          
					
          
        <rcn>2244573</rcn>
        
          
					
          
        <legalName>VISSHE UCHILISHTE MEZHDUNARODEN KOLEZH</legalName>
        
          
					
          
        <shortName>VUMK</shortName>
        
          
					
          
        <address>
          
            
						
            
          <country>BG</country>
          
            
					
          
        </address>
        
          
					
          
        <relations>
          
            
						
            
          <regions>
            
              
							
              
              
						
            
                
								
                
            <region type="relatedRegion">
              
                  
									
                  
              <rcn>188910120</rcn>
              
                  
									
                  
              <name>Bulgaria</name>
              
                  
									
                  
              <nutsCode>BG</nutsCode>
              
                  
									
                  
              <euCode>BG</euCode>
              
                  
									
                  
              <isoCode>BG</isoCode>
              
                  
									
                  
              <parents>
                
                    
										
                    
                <parents>
                  
                      
											
                      
                  <region>
                    
                        
												
                        
                    <rcn>4</rcn>
                    
                        
												
                        
                    <nutsCode>regionWorld</nutsCode>
                    
                        
												
                        
                    <euCode>regionWorld</euCode>
                    
                        
												
                        
                    <isoCode>regionWorld</isoCode>
                    
                        
											
                      
                  </region>
                  
                      
										
                    
                </parents>
                
                    
										
                    
                <parents>
                  
                      
											
                      
                  <region>
                    
                        
												
                        
                    <rcn>5</rcn>
                    
                        
												
                        
                    <nutsCode>regionEuMemberstate</nutsCode>
                    
                        
												
                        
                    <euCode>regionEuMemberstate</euCode>
                    
                        
												
                        
                    <isoCode>regionEuMemberstate</isoCode>
                    
                        
											
                      
                  </region>
                  
                      
										
                    
                </parents>
                
                    
										
                    
                <parents>
                  
                      
											
                      
                  <region>
                    
                        
												
                        
                    <rcn>6</rcn>
                    
                        
												
                        
                    <nutsCode>regionEuAssociated</nutsCode>
                    
                        
												
                        
                    <euCode>regionEuAssociated</euCode>
                    
                        
												
                        
                    <isoCode>regionEuAssociated</isoCode>
                    
                        
											
                      
                  </region>
                  
                      
										
                    
                </parents>
                
                    
									
                  
              </parents>
              
                  
								
                
            </region>
            
                
							
              
          </regions>
          
            
						
            
          <categories>
            
              
							
              
            <category classification="organizationActivityType" type="relatedOrganizationActivityType">
              
                
								
                
              <code>HES</code>
              
                
								
                
                
							
              
            </category>
            
              
						
            
          </categories>
          
            
					
          
        </relations>
        
          
				
        
      </organization>
      
        
			
      
        
				
        
      <organization ecContribution="145000" order="8" terminated="false" type="participant">
        
          
					
          
        <availableLanguages>en</availableLanguages>
        
          
					
          
        <rcn>2244579</rcn>
        
          
					
          
        <legalName>NUOVO TRASPORTO VIAGGIATORI SPA</legalName>
        
          
					
          
        <shortName>NTV SPA</shortName>
        
          
					
          
        <address>
          
            
						
            
          <country>IT</country>
          
            
					
          
        </address>
        
          
					
          
        <relations>
          
            
						
            
          <regions>
            
              
							
              
              
						
            
                
								
                
            <region type="relatedRegion">
              
                  
									
                  
              <rcn>309758504</rcn>
              
                  
									
                  
              <name>Italy</name>
              
                  
									
                  
              <nutsCode>IT</nutsCode>
              
                  
									
                  
              <euCode>IT</euCode>
              
                  
									
                  
              <isoCode>IT</isoCode>
              
                  
									
                  
              <parents>
                
                    
										
                    
                <parents>
                  
                      
											
                      
                  <region>
                    
                        
												
                        
                    <rcn>4</rcn>
                    
                        
												
                        
                    <nutsCode>regionWorld</nutsCode>
                    
                        
												
                        
                    <euCode>regionWorld</euCode>
                    
                        
												
                        
                    <isoCode>regionWorld</isoCode>
                    
                        
											
                      
                  </region>
                  
                      
										
                    
                </parents>
                
                    
										
                    
                <parents>
                  
                      
											
                      
                  <region>
                    
                        
												
                        
                    <rcn>5</rcn>
                    
                        
												
                        
                    <nutsCode>regionEuMemberstate</nutsCode>
                    
                        
												
                        
                    <euCode>regionEuMemberstate</euCode>
                    
                        
												
                        
                    <isoCode>regionEuMemberstate</isoCode>
                    
                        
											
                      
                  </region>
                  
                      
										
                    
                </parents>
                
                    
										
                    
                <parents>
                  
                      
											
                      
                  <region>
                    
                        
												
                        
                    <rcn>6</rcn>
                    
                        
												
                        
                    <nutsCode>regionEuAssociated</nutsCode>
                    
                        
												
                        
                    <euCode>regionEuAssociated</euCode>
                    
                        
												
                        
                    <isoCode>regionEuAssociated</isoCode>
                    
                        
											
                      
                  </region>
                  
                      
										
                    
                </parents>
                
                    
									
                  
              </parents>
              
                  
								
                
            </region>
            
                
							
              
          </regions>
          
            
						
            
          <categories>
            
              
							
              
            <category classification="organizationActivityType" type="relatedOrganizationActivityType">
              
                
								
                
              <code>PRC</code>
              
                
								
                
                
							
              
            </category>
            
              
						
            
          </categories>
          
            
					
          
        </relations>
        
          
				
        
      </organization>
      
        
			
      
    </associations>
    
    
		
    
    <categories>
      
      
			
      
      <category classification="projectFundingSchemeCategory" type="relatedProjectFundingSchemeCategory">
        
        
				
        
        <availableLanguages>en</availableLanguages>
        
        
				
        
        <code>CSA</code>
        
        
				
        
        <title>Coordination and support actions</title>
        
        
				
        
        
			
      
      </category>
      
      
		
    
    </categories>
    
    
	
  
  </relations>
  
  
	


</project>

