<?xml version="1.0" encoding="UTF-8"?>
<project xmlns="http://cordis.europa.eu">
  
  
	
	
  
  <language>en</language>
  
  
	
  
  <availableLanguages>en</availableLanguages>
  
  
	
  
  <rcn>197399</rcn>
  
  
	
	
  
  <reference>684100</reference>
  
  
	
	
  
  <acronym>ARENA</acronym>
  
  
	
	
  
  <teaser>Over 600 000 tonnes of rubber crumb, silica and polymers mixed wastes are generated from used artificial grass fields each year in Europe. Based on the current market trends the total market volume and waste generation will increase more than 5-times by 2022, causing a huge en...</teaser>
  
  
	
	
  
  <objective>Over 600 000 tonnes of rubber crumb, silica and polymers mixed wastes are generated from used artificial grass fields each year in Europe. Based on the current market trends the total market volume and waste generation will increase more than 5-times by 2022, causing a huge environmental impact.

Despite the growing popularity and implementation of artificial grass fields, there are no unified regulations or procedures for its EOL management. Current recycling technologies enable only low-efficiency infill separation from the artificial grass that is also time consuming, expensive and unsustainable. Therefore, most field owners landfill the used turf without any recycling, creating a big environmental impact and increasing the need for raw materials in new installations.

ASIE, company with over 20-years of experience in installing artificial grass fields, has developed the first mobile and complete artificial grass recycling line that helps to lower the synthetic turf EOL management costs by up to 40-50% and increase the artificial grass sustainable management recycling rates. Compared to alternative solutions, we ensure:
• 2x better infill separation (100%)
• 4x faster old turf removal (1 day)
• 2x faster field renewal (7 days)
• 30-40% cheaper field renewal

Our goal is to achieve a zero-waste concept and improve the ecologic and economic sustainability of artificial grass installations. Our unique mobile technology enables to reuse about 95% of the used materials in new artificial grass application or as a raw material in other industries together with:
• 100% infill materials and polyethylene reclaim
• 4x better turf removal enabling re-installation
• 6x reduced transportation needs, leading to 95% less CO2 emissions

Our total addressable market in Europe is €350 million annually, with very high growth potential in the next years. As a result of the innovation project, ASIE will generate €25m annual revenue and create more than 50 new jobs by 2022.
</objective>
  
  
	
	
  
  <title>Arena-Master Mobile Solution for Complete Synthetic Turf Recycling On-site</title>
  
  
	
	
  
  <totalCost>71429</totalCost>
  
  
	
	
  
  <ecMaxContribution>50000</ecMaxContribution>
  
  
	
	
  
  <startDate>2015-07-01</startDate>
  
  
	
	
  
  <endDate>2016-01-01</endDate>
  
  
	
	
  
  <contract>
    
    
		
    
    <duration>6</duration>
    
    
	
  
  </contract>
  
  
	
  
  <status>SIGNED</status>
  
  
	
	
  
  <contentCreationDate>2015-06-18 09:56:54</contentCreationDate>
  
  
	
	
  
  <contentUpdateDate>2015-06-18 09:56:54</contentUpdateDate>
  
  
	
	
  
  <lastUpdateDate>2015-06-18 09:56:54</lastUpdateDate>
  
  
	
	
  
  <relations>
    
    
		
    
    <associations>
      
      
			
      
      
			
      
      
			
      
      
			
      
      
			
      
      
		
    
        
				
        
      <programme type="relatedProgramme">
        
          
					
          
        <availableLanguages>en</availableLanguages>
        
          
					
          
        <rcn>664389</rcn>
        
          
					
          
        <code>H2020-EU.3.5.</code>
        
          
					
          
        <pga>H2020-EU.3.5.</pga>
        
          
					
          
        <title>Climate action, environment,  resource efficiency and raw materials</title>
        
          
					
          
        <parent>
          
            
						
            
          <parent>
            
              
							
              
            <programme>
              
                
								
                
              <rcn>664235</rcn>
              
                
								
                
              <code>H2020-EU.3.</code>
              
                
								
                
              <parent>
                
                  
									
                  
                <parent>
                  
                    
										
                    
                  <programme>
                    
                      
											
                      
                    <rcn>664087</rcn>
                    
                      
											
                      
                    <code>H2020-EC</code>
                    
                      
											
                      
                    <parent>
                      
                        
												
                        
                      <parent>
                        
                          
													
                          
                        <programme>
                          
                            
														
                            
                          <rcn>664086</rcn>
                          
                            
														
                            
                          <code>H2020</code>
                          
                            
													
                          
                        </programme>
                        
                          
												
                        
                      </parent>
                      
                        
											
                      
                    </parent>
                    
                      
										
                    
                  </programme>
                  
                    
									
                  
                </parent>
                
                  
								
                
              </parent>
              
                
							
              
            </programme>
            
              
						
            
          </parent>
          
            
					
          
        </parent>
        
          
				
        
      </programme>
      
        
			
      
        
				
        
      <programme type="relatedProgramme">
        
          
					
          
        <availableLanguages>en</availableLanguages>
        
          
					
          
        <rcn>664225</rcn>
        
          
					
          
        <code>H2020-EU.2.3.1.</code>
        
          
					
          
        <pga>H2020-EU.2.3.1.</pga>
        
          
					
          
        <title> Mainstreaming SME support, especially through a dedicated instrument</title>
        
          
					
          
        <parent>
          
            
						
            
          <parent>
            
              
							
              
            <programme>
              
                
								
                
              <rcn>664223</rcn>
              
                
								
                
              <code>H2020-EU.2.3.</code>
              
                
								
                
              <parent>
                
                  
									
                  
                <parent>
                  
                    
										
                    
                  <programme>
                    
                      
											
                      
                    <rcn>664143</rcn>
                    
                      
											
                      
                    <code>H2020-EU.2.</code>
                    
                      
											
                      
                    <parent>
                      
                        
												
                        
                      <parent>
                        
                          
													
                          
                        <programme>
                          
                            
														
                            
                          <rcn>664087</rcn>
                          
                            
														
                            
                          <code>H2020-EC</code>
                          
                            
														
                            
                          <parent>
                            
                              
															
                              
                            <parent>
                              
                                
																
                                
                              <programme>
                                
                                  
																	
                                  
                                <rcn>664086</rcn>
                                
                                  
																	
                                  
                                <code>H2020</code>
                                
                                  
																
                                
                              </programme>
                              
                                
															
                              
                            </parent>
                            
                              
														
                            
                          </parent>
                          
                            
													
                          
                        </programme>
                        
                          
												
                        
                      </parent>
                      
                        
											
                      
                    </parent>
                    
                      
										
                    
                  </programme>
                  
                    
									
                  
                </parent>
                
                  
								
                
              </parent>
              
                
							
              
            </programme>
            
              
						
            
          </parent>
          
            
					
          
        </parent>
        
          
				
        
      </programme>
      
        
			
      
        
				
        
      <programme type="relatedSubProgramme">
        
          
					
          
        <availableLanguages>en,any</availableLanguages>
        
          
					
          
        <rcn>665267</rcn>
        
          
					
          
        <code>SC5-20-2015-1</code>
        
          
					
          
        <title>Boosting the potential of small businesses for eco-innovation and a sustainable supply of raw materials</title>
        
          
					
          
        <parent>
          
            
						
            
          <parent>
            
              
							
              
            <programme>
              
                
								
                
              <rcn>20200</rcn>
              
                
								
                
              <code>H2020-Topics</code>
              
                
							
              
            </programme>
            
              
						
            
          </parent>
          
            
					
          
        </parent>
        
          
				
        
      </programme>
      
        
			
      
        
				
        
      <call type="relatedCall">
        
          
					
          
        <rcn>303</rcn>
        
          
					
          
        <title>H2020-SMEINST-1-2015</title>
        
          
					
          
        <identifier>H2020-SMEINST-1-2015</identifier>
        
          
				
        
      </call>
      
        
			
      
        
				
        
      <organization order="1" ecContribution="50000" terminated="false" type="coordinator">
        
          
					
          
        <availableLanguages>en</availableLanguages>
        
          
					
          
        <rcn>2269152</rcn>
        
          
					
          
        <legalName>ADVANCED SPORTS INSTALLATIONS EUROPE AS</legalName>
        
          
					
          
        <shortName>Advanced Sports Installations Europe</shortName>
        
          
					
          
        <address>
          
            
						
            
          <country>EE</country>
          
            
					
          
        </address>
        
          
					
          
        <relations>
          
            
						
            
          <regions>
            
              
							
              
              
						
            
                
								
                
            <region type="relatedRegion">
              
                  
									
                  
              <rcn>238717480</rcn>
              
                  
									
                  
              <name>Estonia</name>
              
                  
									
                  
              <nutsCode>EE</nutsCode>
              
                  
									
                  
              <euCode>EE</euCode>
              
                  
									
                  
              <isoCode>EE</isoCode>
              
                  
									
                  
              <parents>
                
                    
										
                    
                <parents>
                  
                      
											
                      
                  <region>
                    
                        
												
                        
                    <rcn>4</rcn>
                    
                        
												
                        
                    <nutsCode>regionWorld</nutsCode>
                    
                        
												
                        
                    <euCode>regionWorld</euCode>
                    
                        
												
                        
                    <isoCode>regionWorld</isoCode>
                    
                        
											
                      
                  </region>
                  
                      
										
                    
                </parents>
                
                    
										
                    
                <parents>
                  
                      
											
                      
                  <region>
                    
                        
												
                        
                    <rcn>5</rcn>
                    
                        
												
                        
                    <nutsCode>regionEuMemberstate</nutsCode>
                    
                        
												
                        
                    <euCode>regionEuMemberstate</euCode>
                    
                        
												
                        
                    <isoCode>regionEuMemberstate</isoCode>
                    
                        
											
                      
                  </region>
                  
                      
										
                    
                </parents>
                
                    
										
                    
                <parents>
                  
                      
											
                      
                  <region>
                    
                        
												
                        
                    <rcn>6</rcn>
                    
                        
												
                        
                    <nutsCode>regionEuAssociated</nutsCode>
                    
                        
												
                        
                    <euCode>regionEuAssociated</euCode>
                    
                        
												
                        
                    <isoCode>regionEuAssociated</isoCode>
                    
                        
											
                      
                  </region>
                  
                      
										
                    
                </parents>
                
                    
									
                  
              </parents>
              
                  
								
                
            </region>
            
                
							
              
          </regions>
          
            
						
            
          <categories>
            
              
							
              
            <category classification="organizationActivityType" type="relatedOrganizationActivityType">
              
                
								
                
              <code>PRC</code>
              
                
								
                
              <title>Private for-profit entities (excluding Higher or Secondary Education Establishments)</title>
              
                
								
                
                
							
              
            </category>
            
              
						
            
          </categories>
          
            
					
          
        </relations>
        
          
				
        
      </organization>
      
        
			
      
    </associations>
    
    
		
    
    <categories>
      
      
			
      
      <category classification="projectFundingSchemeCategory" type="relatedProjectFundingSchemeCategory">
        
        
				
        
        <availableLanguages>en</availableLanguages>
        
        
				
        
        <code>SME-1</code>
        
        
				
        
        <title>SME instrument phase 1</title>
        
        
				
        
        
			
      
      </category>
      
      
		
    
    </categories>
    
    
	
  
  </relations>
  
  
	


</project>

