<?xml version="1.0" encoding="UTF-8"?>
<project xmlns="http://cordis.europa.eu">
  
  
	
	
  
  <language>en</language>
  
  
	
  
  <availableLanguages>en</availableLanguages>
  
  
	
  
  <rcn>195379</rcn>
  
  
	
	
  
  <reference>657027</reference>
  
  
	
	
  
  <acronym>CoEvolFramework</acronym>
  
  
	
	
  
  <teaser>Today's challenges are marked by more frequent and wide-spread episodes of social, economic, political and environmental crisis. Co-evolutionary systems offer a natural perspective and powerful tools to help us understand conditions that affect populations of agents whose beha...</teaser>
  
  
	
	
  
  <objective>Today's challenges are marked by more frequent and wide-spread episodes of social, economic, political and environmental crisis. Co-evolutionary systems offer a natural perspective and powerful tools to help us understand conditions that affect populations of agents whose behavior changes in response to their interaction outcomes in situations of strategic decision-making. Studying these complex co-evolutionary systems remains an open challenge as rich structures in the models are not taken into account. The overarching aim of this project is to fill this major research gap with a unified, principled framework to analyze complex co-evolutionary systems. At the core of our approach is the graph representation of interacting agent behaviors where problem structures are fully captured by complete orientations in the graph and associated co-evolutionary dynamics by sampling processes on the graph. This project combines complementary expertise of the Experienced Researcher (Dr. Chong) in large co-evolutionary systems and the Supervisor (Professor Tino, University of Birmingham) in complex, adaptive and dynamical systems. Its vision is that the framework provides foundation for new modelling tools benefiting policy-makers, regulators, and academics through better understanding and predictive quality of real-world strategic decision-making systems.</objective>
  
  
	
	
  
  <title>Unified Framework for the Analysis of Co-evolutionary Systems</title>
  
  
	
	
  
  <totalCost>195454.8</totalCost>
  
  
	
	
  
  <ecMaxContribution>195454.8</ecMaxContribution>
  
  
	
	
  
  <endDate>2017-05-01</endDate>
  
  
	
	
  
  <contract>
    
    
		
    
    <duration>24</duration>
    
    
	
  
  </contract>
  
  
	
  
  <status>SIGNED</status>
  
  
	
	
  
  <contentCreationDate>2015-05-05 19:04:43</contentCreationDate>
  
  
	
	
  
  <contentUpdateDate>2015-05-05 19:04:43</contentUpdateDate>
  
  
	
	
  
  <lastUpdateDate>2015-05-05 19:04:43</lastUpdateDate>
  
  
	
	
  
  <relations>
    
    
		
    
    <associations>
      
      
			
      
      
			
      
      
			
      
      
			
      
      
		
    
        
				
        
      <programme type="relatedProgramme">
        
          
					
          
        <availableLanguages>en</availableLanguages>
        
          
					
          
        <rcn>664113</rcn>
        
          
					
          
        <code>H2020-EU.1.3.2.</code>
        
          
					
          
        <pga>H2020-EU.1.3.2.</pga>
        
          
					
          
        <title>Nurturing excellence by means of cross-border and cross-sector mobility</title>
        
          
					
          
        <parent>
          
            
						
            
          <parent>
            
              
							
              
            <programme>
              
                
								
                
              <rcn>664109</rcn>
              
                
								
                
              <code>H2020-EU.1.3.</code>
              
                
								
                
              <parent>
                
                  
									
                  
                <parent>
                  
                    
										
                    
                  <programme>
                    
                      
											
                      
                    <rcn>664091</rcn>
                    
                      
											
                      
                    <code>H2020-EU.1.</code>
                    
                      
											
                      
                    <parent>
                      
                        
												
                        
                      <parent>
                        
                          
													
                          
                        <programme>
                          
                            
														
                            
                          <rcn>664087</rcn>
                          
                            
														
                            
                          <code>H2020-EC</code>
                          
                            
														
                            
                          <parent>
                            
                              
															
                              
                            <parent>
                              
                                
																
                                
                              <programme>
                                
                                  
																	
                                  
                                <rcn>664086</rcn>
                                
                                  
																	
                                  
                                <code>H2020</code>
                                
                                  
																
                                
                              </programme>
                              
                                
															
                              
                            </parent>
                            
                              
														
                            
                          </parent>
                          
                            
													
                          
                        </programme>
                        
                          
												
                        
                      </parent>
                      
                        
											
                      
                    </parent>
                    
                      
										
                    
                  </programme>
                  
                    
									
                  
                </parent>
                
                  
								
                
              </parent>
              
                
							
              
            </programme>
            
              
						
            
          </parent>
          
            
					
          
        </parent>
        
          
				
        
      </programme>
      
        
			
      
        
				
        
      <programme type="relatedSubProgramme">
        
          
					
          
        <availableLanguages>en,any</availableLanguages>
        
          
					
          
        <rcn>664546</rcn>
        
          
					
          
        <code>MSCA-IF-2014-EF</code>
        
          
					
          
        <title>Marie Skłodowska-Curie Individual Fellowships (IF-EF)</title>
        
          
					
          
        <parent>
          
            
						
            
          <parent>
            
              
							
              
            <programme>
              
                
								
                
              <rcn>20200</rcn>
              
                
								
                
              <code>H2020-Topics</code>
              
                
							
              
            </programme>
            
              
						
            
          </parent>
          
            
					
          
        </parent>
        
          
				
        
      </programme>
      
        
			
      
        
				
        
      <call type="relatedCall">
        
          
					
          
        <rcn>183</rcn>
        
          
					
          
        <title>H2020-MSCA-IF-2014</title>
        
          
					
          
        <identifier>H2020-MSCA-IF-2014</identifier>
        
          
				
        
      </call>
      
        
			
      
        
				
        
      <organization ecContribution="195454.8" order="1" terminated="false" type="coordinator">
        
          
					
          
        <availableLanguages>en</availableLanguages>
        
          
					
          
        <rcn>2246145</rcn>
        
          
					
          
        <legalName>THE UNIVERSITY OF BIRMINGHAM</legalName>
        
          
					
          
        <shortName>UoB</shortName>
        
          
					
          
        <address>
          
            
						
            
          <country>UK</country>
          
            
					
          
        </address>
        
          
					
          
        <relations>
          
            
						
            
          <regions>
            
              
							
              
              
						
            
                
								
                
            <region type="relatedRegion">
              
                  
									
                  
              <rcn>508725800</rcn>
              
                  
									
                  
              <name>United Kingdom</name>
              
                  
									
                  
              <nutsCode>UK</nutsCode>
              
                  
									
                  
              <euCode>UK</euCode>
              
                  
									
                  
              <isoCode>GB</isoCode>
              
                  
									
                  
              <parents>
                
                    
										
                    
                <parents>
                  
                      
											
                      
                  <region>
                    
                        
												
                        
                    <rcn>4</rcn>
                    
                        
												
                        
                    <nutsCode>regionWorld</nutsCode>
                    
                        
												
                        
                    <euCode>regionWorld</euCode>
                    
                        
												
                        
                    <isoCode>regionWorld</isoCode>
                    
                        
											
                      
                  </region>
                  
                      
										
                    
                </parents>
                
                    
										
                    
                <parents>
                  
                      
											
                      
                  <region>
                    
                        
												
                        
                    <rcn>5</rcn>
                    
                        
												
                        
                    <nutsCode>regionEuMemberstate</nutsCode>
                    
                        
												
                        
                    <euCode>regionEuMemberstate</euCode>
                    
                        
												
                        
                    <isoCode>regionEuMemberstate</isoCode>
                    
                        
											
                      
                  </region>
                  
                      
										
                    
                </parents>
                
                    
										
                    
                <parents>
                  
                      
											
                      
                  <region>
                    
                        
												
                        
                    <rcn>6</rcn>
                    
                        
												
                        
                    <nutsCode>regionEuAssociated</nutsCode>
                    
                        
												
                        
                    <euCode>regionEuAssociated</euCode>
                    
                        
												
                        
                    <isoCode>regionEuAssociated</isoCode>
                    
                        
											
                      
                  </region>
                  
                      
										
                    
                </parents>
                
                    
									
                  
              </parents>
              
                  
								
                
            </region>
            
                
							
              
          </regions>
          
            
						
            
          <categories>
            
              
							
              
            <category classification="organizationActivityType" type="relatedOrganizationActivityType">
              
                
								
                
              <code>HES</code>
              
                
								
                
                
							
              
            </category>
            
              
						
            
          </categories>
          
            
					
          
        </relations>
        
          
				
        
      </organization>
      
        
			
      
    </associations>
    
    
		
    
    <categories>
      
      
			
      
      <category classification="projectFundingSchemeCategory" type="relatedProjectFundingSchemeCategory">
        
        
				
        
        <availableLanguages>en</availableLanguages>
        
        
				
        
        <code>MSCA-IF-EF-ST</code>
        
        
				
        
        
			
      
      </category>
      
      
		
    
    </categories>
    
    
	
  
  </relations>
  
  
	


</project>

