<?xml version="1.0" encoding="UTF-8"?>
<project xmlns="http://cordis.europa.eu">
  
  
	
	
  
  <language>en</language>
  
  
	
  
  <availableLanguages>en</availableLanguages>
  
  
	
  
  <rcn>196171</rcn>
  
  
	
	
  
  <reference>662455</reference>
  
  
	
	
  
  <acronym>CELLETEST</acronym>
  
  
	
	
  
  <teaser>The ultimate objective of the Celletest project is to develop a next generation medical device for non-invasive diagnosis and prognosis of metastatic lung cancer, so we can validate the . To achieve this ambitious objective, we will exploit the potential of our proprietary tec...</teaser>
  
  
	
	
  
  <objective>The ultimate objective of the Celletest project is to develop a next generation medical device for non-invasive diagnosis and prognosis of metastatic lung cancer, so we can validate the . To achieve this ambitious objective, we will exploit the potential of our proprietary technology for isolation of circulating tumor cells from the bloodstream, so we can validate the clinical utility of CTCs, which have been already identified as biomarkers for the liquid-biopsy of metastatic lung cancers. 
What is a Liquid Biopsy? Liquid biopsy is an emerging and disruptive technology in cancer diagnosis, prognosis and monitoring of evolution of cancer patients under anticancer therapies. This novel technology can be understood as the next generation non-invasive alternative to the current gold standard in cancer diagnosis, tissue biopsy. Tissue biopsy implies an interventional/surgical procedure to sample cells or tissue at the tumor site. The biopsied tissue is examined and analyzed (molecular characterization for the determination of the molecular biomarkers of cancer cells) in order to characterize the cancer cells according to their morphological and biochemical properties. This allows determining the tumor typology and prescribing the most optimal anticancer therapy. Liquid biopsy holds promise as a non-invasive method capable to obtain the same clinically relevant information with just a simple blood extraction. 

</objective>
  
  
	
	
  
  <title>Liquid Biopsy blood test in lung cancer diagnosis and monitoring: a next generation noninvasive tumor tracker device</title>
  
  
	
	
  
  <totalCost>71429</totalCost>
  
  
	
	
  
  <ecMaxContribution>50000</ecMaxContribution>
  
  
	
	
  
  <startDate>2015-02-02</startDate>
  
  
	
	
  
  <endDate>2015-06-02</endDate>
  
  
	
	
  
  <contract>
    
    
		
    
    <duration>4</duration>
    
    
	
  
  </contract>
  
  
	
  
  <status>SIGNED</status>
  
  
	
	
  
  <contentCreationDate>2015-05-05 20:11:44</contentCreationDate>
  
  
	
	
  
  <contentUpdateDate>2015-05-05 20:11:44</contentUpdateDate>
  
  
	
	
  
  <lastUpdateDate>2015-05-05 20:11:44</lastUpdateDate>
  
  
	
	
  
  <relations>
    
    
		
    
    <associations>
      
      
			
      
      
			
      
      
			
      
      
			
      
      
			
      
      
		
    
        
				
        
      <programme type="relatedProgramme">
        
          
					
          
        <availableLanguages>en</availableLanguages>
        
          
					
          
        <rcn>664225</rcn>
        
          
					
          
        <code>H2020-EU.2.3.1.</code>
        
          
					
          
        <pga>H2020-EU.2.3.1.</pga>
        
          
					
          
        <title> Mainstreaming SME support, especially through a dedicated instrument</title>
        
          
					
          
        <parent>
          
            
						
            
          <parent>
            
              
							
              
            <programme>
              
                
								
                
              <rcn>664223</rcn>
              
                
								
                
              <code>H2020-EU.2.3.</code>
              
                
								
                
              <parent>
                
                  
									
                  
                <parent>
                  
                    
										
                    
                  <programme>
                    
                      
											
                      
                    <rcn>664143</rcn>
                    
                      
											
                      
                    <code>H2020-EU.2.</code>
                    
                      
											
                      
                    <parent>
                      
                        
												
                        
                      <parent>
                        
                          
													
                          
                        <programme>
                          
                            
														
                            
                          <rcn>664087</rcn>
                          
                            
														
                            
                          <code>H2020-EC</code>
                          
                            
														
                            
                          <parent>
                            
                              
															
                              
                            <parent>
                              
                                
																
                                
                              <programme>
                                
                                  
																	
                                  
                                <rcn>664086</rcn>
                                
                                  
																	
                                  
                                <code>H2020</code>
                                
                                  
																
                                
                              </programme>
                              
                                
															
                              
                            </parent>
                            
                              
														
                            
                          </parent>
                          
                            
													
                          
                        </programme>
                        
                          
												
                        
                      </parent>
                      
                        
											
                      
                    </parent>
                    
                      
										
                    
                  </programme>
                  
                    
									
                  
                </parent>
                
                  
								
                
              </parent>
              
                
							
              
            </programme>
            
              
						
            
          </parent>
          
            
					
          
        </parent>
        
          
				
        
      </programme>
      
        
			
      
        
				
        
      <programme type="relatedProgramme">
        
          
					
          
        <availableLanguages>en</availableLanguages>
        
          
					
          
        <rcn>664237</rcn>
        
          
					
          
        <code>H2020-EU.3.1.</code>
        
          
					
          
        <pga>H2020-EU.3.1.</pga>
        
          
					
          
        <title>Health, demographic change and wellbeing</title>
        
          
					
          
        <parent>
          
            
						
            
          <parent>
            
              
							
              
            <programme>
              
                
								
                
              <rcn>664235</rcn>
              
                
								
                
              <code>H2020-EU.3.</code>
              
                
								
                
              <parent>
                
                  
									
                  
                <parent>
                  
                    
										
                    
                  <programme>
                    
                      
											
                      
                    <rcn>664087</rcn>
                    
                      
											
                      
                    <code>H2020-EC</code>
                    
                      
											
                      
                    <parent>
                      
                        
												
                        
                      <parent>
                        
                          
													
                          
                        <programme>
                          
                            
														
                            
                          <rcn>664086</rcn>
                          
                            
														
                            
                          <code>H2020</code>
                          
                            
													
                          
                        </programme>
                        
                          
												
                        
                      </parent>
                      
                        
											
                      
                    </parent>
                    
                      
										
                    
                  </programme>
                  
                    
									
                  
                </parent>
                
                  
								
                
              </parent>
              
                
							
              
            </programme>
            
              
						
            
          </parent>
          
            
					
          
        </parent>
        
          
				
        
      </programme>
      
        
			
      
        
				
        
      <programme type="relatedSubProgramme">
        
          
					
          
        <availableLanguages>en,any</availableLanguages>
        
          
					
          
        <rcn>665257</rcn>
        
          
					
          
        <code>PHC-12-2014-1</code>
        
          
					
          
        <title>Clinical research for the validation of biomarkers and/or diagnostic medical devices</title>
        
          
					
          
        <parent>
          
            
						
            
          <parent>
            
              
							
              
            <programme>
              
                
								
                
              <rcn>20200</rcn>
              
                
								
                
              <code>H2020-Topics</code>
              
                
							
              
            </programme>
            
              
						
            
          </parent>
          
            
					
          
        </parent>
        
          
				
        
      </programme>
      
        
			
      
        
				
        
      <call type="relatedCall">
        
          
					
          
        <rcn>301</rcn>
        
          
					
          
        <title>H2020-SMEINST-1-2014</title>
        
          
					
          
        <identifier>H2020-SMEINST-1-2014</identifier>
        
          
				
        
      </call>
      
        
			
      
        
				
        
      <organization ecContribution="50000" order="1" terminated="false" type="coordinator">
        
          
					
          
        <availableLanguages>en</availableLanguages>
        
          
					
          
        <rcn>2247002</rcn>
        
          
					
          
        <legalName>STEM SEL SRL</legalName>
        
          
					
          
        <shortName>Stem Sel</shortName>
        
          
					
          
        <address>
          
            
						
            
          <country>IT</country>
          
            
					
          
        </address>
        
          
					
          
        <relations>
          
            
						
            
          <regions>
            
              
							
              
              
						
            
                
								
                
            <region type="relatedRegion">
              
                  
									
                  
              <rcn>309758504</rcn>
              
                  
									
                  
              <name>Italy</name>
              
                  
									
                  
              <nutsCode>IT</nutsCode>
              
                  
									
                  
              <euCode>IT</euCode>
              
                  
									
                  
              <isoCode>IT</isoCode>
              
                  
									
                  
              <parents>
                
                    
										
                    
                <parents>
                  
                      
											
                      
                  <region>
                    
                        
												
                        
                    <rcn>4</rcn>
                    
                        
												
                        
                    <nutsCode>regionWorld</nutsCode>
                    
                        
												
                        
                    <euCode>regionWorld</euCode>
                    
                        
												
                        
                    <isoCode>regionWorld</isoCode>
                    
                        
											
                      
                  </region>
                  
                      
										
                    
                </parents>
                
                    
										
                    
                <parents>
                  
                      
											
                      
                  <region>
                    
                        
												
                        
                    <rcn>5</rcn>
                    
                        
												
                        
                    <nutsCode>regionEuMemberstate</nutsCode>
                    
                        
												
                        
                    <euCode>regionEuMemberstate</euCode>
                    
                        
												
                        
                    <isoCode>regionEuMemberstate</isoCode>
                    
                        
											
                      
                  </region>
                  
                      
										
                    
                </parents>
                
                    
										
                    
                <parents>
                  
                      
											
                      
                  <region>
                    
                        
												
                        
                    <rcn>6</rcn>
                    
                        
												
                        
                    <nutsCode>regionEuAssociated</nutsCode>
                    
                        
												
                        
                    <euCode>regionEuAssociated</euCode>
                    
                        
												
                        
                    <isoCode>regionEuAssociated</isoCode>
                    
                        
											
                      
                  </region>
                  
                      
										
                    
                </parents>
                
                    
									
                  
              </parents>
              
                  
								
                
            </region>
            
                
							
              
          </regions>
          
            
						
            
          <categories>
            
              
							
              
            <category classification="organizationActivityType" type="relatedOrganizationActivityType">
              
                
								
                
              <code>PRC</code>
              
                
								
                
                
							
              
            </category>
            
              
						
            
          </categories>
          
            
					
          
        </relations>
        
          
				
        
      </organization>
      
        
			
      
    </associations>
    
    
		
    
    <categories>
      
      
			
      
      <category classification="projectFundingSchemeCategory" type="relatedProjectFundingSchemeCategory">
        
        
				
        
        <availableLanguages>en</availableLanguages>
        
        
				
        
        <code>SME-1</code>
        
        
				
        
        
			
      
      </category>
      
      
		
    
    </categories>
    
    
	
  
  </relations>
  
  
	


</project>

