<?xml version="1.0" encoding="UTF-8"?>
<project xmlns="http://cordis.europa.eu">
  
  
	
	
  
  <language>en</language>
  
  
	
  
  <availableLanguages>en</availableLanguages>
  
  
	
  
  <rcn>194569</rcn>
  
  
	
	
  
  <reference>649266</reference>
  
  
	
	
  
  <acronym>SET IT</acronym>
  
  
	
	
  
  <teaser>The Seventh SET-Plan Conference will be aimed at i) providing a privileged forum for open discussions to develop a new integrated vision for the SET Plan and shared understanding; ii) providing stakeholders with an updated panorama of the European energy and technology framewo...</teaser>
  
  
	
	
  
  <objective>The Seventh SET-Plan Conference will be aimed at i) providing a privileged forum for open discussions to develop a new integrated vision for the SET Plan and shared understanding; ii) providing stakeholders with an updated panorama of the European energy and technology framework policies as groundwork for spurring active participation and commitment to the “SET Plan” objectives; and iii) outreaching the SET Plan current portfolio, that is to address still untapped resources of relevant sectors. 
The SET IT project covers all aspects of planning and delivering the SET Plan Conference, including the development of crucial accompanying activities such as an integrated awareness and dissemination campaign to enlarge audience from stakeholder groups to civil society,  and enhance the Conference impacts. A special governance scheme has been conceived so as to create a synergy among political decision makers, the different stakeholder groups, and the communication experts and consultants involved in the conference organization and promotion. The exploitation of 2.0 technology will also contribute to the creation of a favorable environment for updated policy dialogues, strategic thinking, networking and dissemination; data and materials (i.e. social network pages) produced will outlast the project itself and will be passed on to future SET Plan Conference organizers. Thereby, the SET IT project will first provide a basis for creating a linkage connecting future SET Plan Conferences as part of a greater, lasting effort toward policy integration, building up experience and networking results, thus overcoming a typical weakness of such events, which are short-lived although quite expensive and labour intensive.</objective>
  
  
	
	
  
  <title>Organization and Delivery of the Italian Presidency Conference on the European Strategic Energy Technology Plan (SET-Plan) – the SET IT Project</title>
  
  
	
	
  
  <totalCost>350000</totalCost>
  
  
	
	
  
  <ecMaxContribution>262500</ecMaxContribution>
  
  
	
	
  
  <startDate>2014-07-01</startDate>
  
  
	
	
  
  <endDate>2015-01-01</endDate>
  
  
	
	
  
  <contract>
    
    
		
    
    <duration>6</duration>
    
    
	
  
  </contract>
  
  
	
  
  <status>SIGNED</status>
  
  
	
	
  
  <contentCreationDate>2015-05-05 17:55:35</contentCreationDate>
  
  
	
	
  
  <contentUpdateDate>2015-05-05 17:55:35</contentUpdateDate>
  
  
	
	
  
  <lastUpdateDate>2015-05-05 17:55:35</lastUpdateDate>
  
  
	
	
  
  <relations>
    
    
		
    
    <associations>
      
      
			
      
      
			
      
      
			
      
      
			
      
      
			
      
      
		
    
        
				
        
      <programme type="relatedProgramme">
        
          
					
          
        <availableLanguages>en</availableLanguages>
        
          
					
          
        <rcn>664321</rcn>
        
          
					
          
        <code>H2020-EU.3.3.</code>
        
          
					
          
        <pga>H2020-EU.3.3.</pga>
        
          
					
          
        <title>Secure, clean and efficient energy</title>
        
          
					
          
        <parent>
          
            
						
            
          <parent>
            
              
							
              
            <programme>
              
                
								
                
              <rcn>664235</rcn>
              
                
								
                
              <code>H2020-EU.3.</code>
              
                
								
                
              <parent>
                
                  
									
                  
                <parent>
                  
                    
										
                    
                  <programme>
                    
                      
											
                      
                    <rcn>664087</rcn>
                    
                      
											
                      
                    <code>H2020-EC</code>
                    
                      
											
                      
                    <parent>
                      
                        
												
                        
                      <parent>
                        
                          
													
                          
                        <programme>
                          
                            
														
                            
                          <rcn>664086</rcn>
                          
                            
														
                            
                          <code>H2020</code>
                          
                            
													
                          
                        </programme>
                        
                          
												
                        
                      </parent>
                      
                        
											
                      
                    </parent>
                    
                      
										
                    
                  </programme>
                  
                    
									
                  
                </parent>
                
                  
								
                
              </parent>
              
                
							
              
            </programme>
            
              
						
            
          </parent>
          
            
					
          
        </parent>
        
          
				
        
      </programme>
      
        
			
      
        
				
        
      <programme type="relatedProgramme">
        
          
					
          
        <availableLanguages>en</availableLanguages>
        
          
					
          
        <rcn>664087</rcn>
        
          
					
          
        <code>H2020-EC</code>
        
          
					
          
        <pga>H2020-EC</pga>
        
          
					
          
        <title>EC Treaty</title>
        
          
					
          
        <parent>
          
            
						
            
          <parent>
            
              
							
              
            <programme>
              
                
								
                
              <rcn>664086</rcn>
              
                
								
                
              <code>H2020</code>
              
                
							
              
            </programme>
            
              
						
            
          </parent>
          
            
					
          
        </parent>
        
          
				
        
      </programme>
      
        
			
      
        
				
        
      <programme type="relatedSubProgramme">
        
          
					
          
        <availableLanguages>en,any</availableLanguages>
        
          
					
          
        <rcn>665299</rcn>
        
          
					
          
        <code>Energy75</code>
        
          
					
          
        <title>Energy 75 per cent reimbursement</title>
        
          
					
          
        <parent>
          
            
						
            
          <parent>
            
              
							
              
            <programme>
              
                
								
                
              <rcn>20200</rcn>
              
                
								
                
              <code>H2020-Topics</code>
              
                
							
              
            </programme>
            
              
						
            
          </parent>
          
            
					
          
        </parent>
        
          
				
        
      </programme>
      
        
			
      
        
				
        
      <call type="relatedCall">
        
          
					
          
        <rcn>857</rcn>
        
          
					
          
        <title>H2020-Adhoc-2014-20</title>
        
          
					
          
        <identifier>H2020-Adhoc-2014-20</identifier>
        
          
				
        
      </call>
      
        
			
      
        
				
        
      <organization ecContribution="262500" order="1" terminated="false" type="coordinator">
        
          
					
          
        <availableLanguages>en</availableLanguages>
        
          
					
          
        <rcn>2243127</rcn>
        
          
					
          
        <legalName>AGENZIA NAZIONALE PER LE NUOVE TECNOLOGIE, L'ENERGIA E LO SVILUPPO ECONOMICO SOSTENIBILE</legalName>
        
          
					
          
        <shortName>ENEA</shortName>
        
          
					
          
        <address>
          
            
						
            
          <country>IT</country>
          
            
					
          
        </address>
        
          
					
          
        <relations>
          
            
						
            
          <regions>
            
              
							
              
              
						
            
                
								
                
            <region type="relatedRegion">
              
                  
									
                  
              <rcn>309758504</rcn>
              
                  
									
                  
              <name>Italy</name>
              
                  
									
                  
              <nutsCode>IT</nutsCode>
              
                  
									
                  
              <euCode>IT</euCode>
              
                  
									
                  
              <isoCode>IT</isoCode>
              
                  
									
                  
              <parents>
                
                    
										
                    
                <parents>
                  
                      
											
                      
                  <region>
                    
                        
												
                        
                    <rcn>4</rcn>
                    
                        
												
                        
                    <nutsCode>regionWorld</nutsCode>
                    
                        
												
                        
                    <euCode>regionWorld</euCode>
                    
                        
												
                        
                    <isoCode>regionWorld</isoCode>
                    
                        
											
                      
                  </region>
                  
                      
										
                    
                </parents>
                
                    
										
                    
                <parents>
                  
                      
											
                      
                  <region>
                    
                        
												
                        
                    <rcn>5</rcn>
                    
                        
												
                        
                    <nutsCode>regionEuMemberstate</nutsCode>
                    
                        
												
                        
                    <euCode>regionEuMemberstate</euCode>
                    
                        
												
                        
                    <isoCode>regionEuMemberstate</isoCode>
                    
                        
											
                      
                  </region>
                  
                      
										
                    
                </parents>
                
                    
										
                    
                <parents>
                  
                      
											
                      
                  <region>
                    
                        
												
                        
                    <rcn>6</rcn>
                    
                        
												
                        
                    <nutsCode>regionEuAssociated</nutsCode>
                    
                        
												
                        
                    <euCode>regionEuAssociated</euCode>
                    
                        
												
                        
                    <isoCode>regionEuAssociated</isoCode>
                    
                        
											
                      
                  </region>
                  
                      
										
                    
                </parents>
                
                    
									
                  
              </parents>
              
                  
								
                
            </region>
            
                
							
              
          </regions>
          
            
						
            
          <categories>
            
              
							
              
            <category classification="organizationActivityType" type="relatedOrganizationActivityType">
              
                
								
                
              <code>REC</code>
              
                
								
                
                
							
              
            </category>
            
              
						
            
          </categories>
          
            
					
          
        </relations>
        
          
				
        
      </organization>
      
        
			
      
    </associations>
    
    
		
    
    <categories>
      
      
			
      
      <category classification="projectFundingSchemeCategory" type="relatedProjectFundingSchemeCategory">
        
        
				
        
        <availableLanguages>en</availableLanguages>
        
        
				
        
        <code>CSA</code>
        
        
				
        
        <title>Coordination and support actions</title>
        
        
				
        
        
			
      
      </category>
      
      
		
    
    </categories>
    
    
	
  
  </relations>
  
  
	


</project>

