<?xml version="1.0" encoding="UTF-8"?>
<project xmlns="http://cordis.europa.eu">
  
  
	
	
  
  <language>en</language>
  
  
	
  
  <availableLanguages>en</availableLanguages>
  
  
	
  
  <rcn>194742</rcn>
  
  
	
	
  
  <reference>651643</reference>
  
  
	
	
  
  <acronym>BAG-FS</acronym>
  
  
	
	
  
  <teaser>The objective of the innovation project is to bring to market a high-yield, highly automated aeroponic plant cultivation system suitable for resource efficient, high quality vegetable and fruit production in a limited physical footprint. This core technology and the associated...</teaser>
  
  
	
	
  
  <objective>The objective of the innovation project is to bring to market a high-yield, highly automated aeroponic plant cultivation system suitable for resource efficient, high quality vegetable and fruit production in a limited physical footprint. This core technology and the associated supporting services are expected to be enablers of the widespread appearance of urban farms.
The system lessens agricultural land use. Moving production closer to the place of consumption enables reduction in transportation needs, emissions and food waste production. The aeroponic technology produces very high yields while using the fraction of water. The system has the following main economic benefits for the users:
• year-round crop production
• no weather-related crop failures
• no use of pesticides, herbicides
• use of 75-95 % less water than the same productive  technologies
• greatly reduced food-miles
• higher food security and safety
• high yield in crop production
User needs met by the system: demand for products with trustworthy proof of socially and environmentally responsible business practices, demand for chemical-free food products.
Targeted users are those SMEs and farmers who produce indoor, and those restaurants and supermarkets where day-to-day fresh fruits and vegetables are important.
Economic benefits and ecological impact are the main appeals of the technology. The feasibility assessment’s goal is to quantify these advantages which are major milestones toward successful commercialization.
Phase 2 plans are a first demonstration facility and building out full capacity of manufacturing.
European dimension: Flagship sustainable biological technologies like Biopolus Aero Green system can help the EU secure its leading position to address ecological challenges and achieve economic growth.
Global dimension: BAG system enables food production in urbanized areas and lessens dependence on outside sources and imported foods.</objective>
  
  
	
	
  
  <title>Biopolus Aero Green - Feasibility Study</title>
  
  
	
	
  
  <totalCost>71429</totalCost>
  
  
	
	
  
  <ecMaxContribution>50000</ecMaxContribution>
  
  
	
	
  
  <startDate>2014-09-01</startDate>
  
  
	
	
  
  <endDate>2014-12-01</endDate>
  
  
	
	
  
  <contract>
    
    
		
    
    <duration>3</duration>
    
    
	
  
  </contract>
  
  
	
  
  <status>SIGNED</status>
  
  
	
	
  
  <contentCreationDate>2015-05-05 18:10:25</contentCreationDate>
  
  
	
	
  
  <contentUpdateDate>2015-05-05 18:10:25</contentUpdateDate>
  
  
	
	
  
  <lastUpdateDate>2015-05-05 18:10:25</lastUpdateDate>
  
  
	
	
  
  <relations>
    
    
		
    
    <associations>
      
      
			
      
      
			
      
      
			
      
      
			
      
      
			
      
      
		
    
        
				
        
      <programme type="relatedProgramme">
        
          
					
          
        <availableLanguages>en</availableLanguages>
        
          
					
          
        <rcn>664225</rcn>
        
          
					
          
        <code>H2020-EU.2.3.1.</code>
        
          
					
          
        <pga>H2020-EU.2.3.1.</pga>
        
          
					
          
        <title> Mainstreaming SME support, especially through a dedicated instrument</title>
        
          
					
          
        <parent>
          
            
						
            
          <parent>
            
              
							
              
            <programme>
              
                
								
                
              <rcn>664223</rcn>
              
                
								
                
              <code>H2020-EU.2.3.</code>
              
                
								
                
              <parent>
                
                  
									
                  
                <parent>
                  
                    
										
                    
                  <programme>
                    
                      
											
                      
                    <rcn>664143</rcn>
                    
                      
											
                      
                    <code>H2020-EU.2.</code>
                    
                      
											
                      
                    <parent>
                      
                        
												
                        
                      <parent>
                        
                          
													
                          
                        <programme>
                          
                            
														
                            
                          <rcn>664087</rcn>
                          
                            
														
                            
                          <code>H2020-EC</code>
                          
                            
														
                            
                          <parent>
                            
                              
															
                              
                            <parent>
                              
                                
																
                                
                              <programme>
                                
                                  
																	
                                  
                                <rcn>664086</rcn>
                                
                                  
																	
                                  
                                <code>H2020</code>
                                
                                  
																
                                
                              </programme>
                              
                                
															
                              
                            </parent>
                            
                              
														
                            
                          </parent>
                          
                            
													
                          
                        </programme>
                        
                          
												
                        
                      </parent>
                      
                        
											
                      
                    </parent>
                    
                      
										
                    
                  </programme>
                  
                    
									
                  
                </parent>
                
                  
								
                
              </parent>
              
                
							
              
            </programme>
            
              
						
            
          </parent>
          
            
					
          
        </parent>
        
          
				
        
      </programme>
      
        
			
      
        
				
        
      <programme type="relatedProgramme">
        
          
					
          
        <availableLanguages>en</availableLanguages>
        
          
					
          
        <rcn>664281</rcn>
        
          
					
          
        <code>H2020-EU.3.2.</code>
        
          
					
          
        <pga>H2020-EU.3.2.</pga>
        
          
					
          
        <title>Food security, sustainable agriculture and forestry, marine and maritime and inland water research and the bioeconomy</title>
        
          
					
          
        <parent>
          
            
						
            
          <parent>
            
              
							
              
            <programme>
              
                
								
                
              <rcn>664235</rcn>
              
                
								
                
              <code>H2020-EU.3.</code>
              
                
								
                
              <parent>
                
                  
									
                  
                <parent>
                  
                    
										
                    
                  <programme>
                    
                      
											
                      
                    <rcn>664087</rcn>
                    
                      
											
                      
                    <code>H2020-EC</code>
                    
                      
											
                      
                    <parent>
                      
                        
												
                        
                      <parent>
                        
                          
													
                          
                        <programme>
                          
                            
														
                            
                          <rcn>664086</rcn>
                          
                            
														
                            
                          <code>H2020</code>
                          
                            
													
                          
                        </programme>
                        
                          
												
                        
                      </parent>
                      
                        
											
                      
                    </parent>
                    
                      
										
                    
                  </programme>
                  
                    
									
                  
                </parent>
                
                  
								
                
              </parent>
              
                
							
              
            </programme>
            
              
						
            
          </parent>
          
            
					
          
        </parent>
        
          
				
        
      </programme>
      
        
			
      
        
				
        
      <programme type="relatedSubProgramme">
        
          
					
          
        <availableLanguages>en,any</availableLanguages>
        
          
					
          
        <rcn>665258</rcn>
        
          
					
          
        <code>SFS-08-2014-1</code>
        
          
					
          
        <title>Resource-efficient eco-innovative food production and processing</title>
        
          
					
          
        <parent>
          
            
						
            
          <parent>
            
              
							
              
            <programme>
              
                
								
                
              <rcn>20200</rcn>
              
                
								
                
              <code>H2020-Topics</code>
              
                
							
              
            </programme>
            
              
						
            
          </parent>
          
            
					
          
        </parent>
        
          
				
        
      </programme>
      
        
			
      
        
				
        
      <call type="relatedCall">
        
          
					
          
        <rcn>301</rcn>
        
          
					
          
        <title>H2020-SMEINST-1-2014</title>
        
          
					
          
        <identifier>H2020-SMEINST-1-2014</identifier>
        
          
				
        
      </call>
      
        
			
      
        
				
        
      <organization ecContribution="50000" order="1" terminated="false" type="coordinator">
        
          
					
          
        <availableLanguages>en</availableLanguages>
        
          
					
          
        <rcn>2243980</rcn>
        
          
					
          
        <legalName>BIOPOLUS TECHNOLÓGIÁK ZRT</legalName>
        
          
					
          
        <shortName>BIOPOLUS Technológiák Zrt</shortName>
        
          
					
          
        <address>
          
            
						
            
          <country>HU</country>
          
            
					
          
        </address>
        
          
					
          
        <relations>
          
            
						
            
          <regions>
            
              
							
              
              
						
            
                
								
                
            <region type="relatedRegion">
              
                  
									
                  
              <rcn>293243432</rcn>
              
                  
									
                  
              <name>Hungary</name>
              
                  
									
                  
              <nutsCode>HU</nutsCode>
              
                  
									
                  
              <euCode>HU</euCode>
              
                  
									
                  
              <isoCode>HU</isoCode>
              
                  
									
                  
              <parents>
                
                    
										
                    
                <parents>
                  
                      
											
                      
                  <region>
                    
                        
												
                        
                    <rcn>4</rcn>
                    
                        
												
                        
                    <nutsCode>regionWorld</nutsCode>
                    
                        
												
                        
                    <euCode>regionWorld</euCode>
                    
                        
												
                        
                    <isoCode>regionWorld</isoCode>
                    
                        
											
                      
                  </region>
                  
                      
										
                    
                </parents>
                
                    
										
                    
                <parents>
                  
                      
											
                      
                  <region>
                    
                        
												
                        
                    <rcn>5</rcn>
                    
                        
												
                        
                    <nutsCode>regionEuMemberstate</nutsCode>
                    
                        
												
                        
                    <euCode>regionEuMemberstate</euCode>
                    
                        
												
                        
                    <isoCode>regionEuMemberstate</isoCode>
                    
                        
											
                      
                  </region>
                  
                      
										
                    
                </parents>
                
                    
										
                    
                <parents>
                  
                      
											
                      
                  <region>
                    
                        
												
                        
                    <rcn>6</rcn>
                    
                        
												
                        
                    <nutsCode>regionEuAssociated</nutsCode>
                    
                        
												
                        
                    <euCode>regionEuAssociated</euCode>
                    
                        
												
                        
                    <isoCode>regionEuAssociated</isoCode>
                    
                        
											
                      
                  </region>
                  
                      
										
                    
                </parents>
                
                    
									
                  
              </parents>
              
                  
								
                
            </region>
            
                
							
              
          </regions>
          
            
						
            
          <categories>
            
              
							
              
            <category classification="organizationActivityType" type="relatedOrganizationActivityType">
              
                
								
                
              <code>PRC</code>
              
                
								
                
                
							
              
            </category>
            
              
						
            
          </categories>
          
            
					
          
        </relations>
        
          
				
        
      </organization>
      
        
			
      
    </associations>
    
    
		
    
    <categories>
      
      
			
      
      <category classification="projectFundingSchemeCategory" type="relatedProjectFundingSchemeCategory">
        
        
				
        
        <availableLanguages>en</availableLanguages>
        
        
				
        
        <code>SME-1</code>
        
        
				
        
        
			
      
      </category>
      
      
		
    
    </categories>
    
    
	
  
  </relations>
  
  
	


</project>

