<?xml version="1.0" encoding="UTF-8"?>
<project xmlns="http://cordis.europa.eu">
  
  
	
	
  
  <language>en</language>
  
  
	
  
  <availableLanguages>en</availableLanguages>
  
  
	
  
  <rcn>197053</rcn>
  
  
	
	
  
  <reference>685288</reference>
  
  
	
	
  
  <acronym>DERMADROP</acronym>
  
  
	
	
  
  <teaser>TDA is an unprecedented drug delivery technology developed and patented by Meddrop GmbH. This technology platform is capable of targeted delivery of active substances effectively and non-invasively. TDA transports a combination of both, oxygen and drugs through all skin layers...</teaser>
  
  
	
	
  
  <objective>TDA is an unprecedented drug delivery technology developed and patented by Meddrop GmbH. This technology platform is capable of targeted delivery of active substances effectively and non-invasively. TDA transports a combination of both, oxygen and drugs through all skin layers. These results and that of a series of wound treatments on diabetic wound patients prove that TDA has a huge potential in many areas, including the healing process on deep and chronic non-healing wounds as therapeutic modality. Wound healing will be the primary target application of DERMADROP, a therapy concept based on TDA. DERMADROP’s secondary applications are related to skin diseases and disorders such as psoriasis, acne, stretch marks, inflammation and its tertiary application is in the aesthetic medicine. The objective is to comercialise DERMADROP as a multipurpose medical concept to be used in hospitals and clinics all around the world primarily as a therapeutic modality for non-healing wounds and for the secondary applications mentioned above. It offers a comprehensive therapeutic modality that covers all aspect of wound management and treatment from debridement to wound closure. Wound closure is also expected to be comparatively shorter than currently available modalities. Apart from the fact that current treatment modalities are time consuming and costly, the result is often not effective. DERMADROP is a comprehensive therapeutic approach for non-healing wounds with reasonable costs for healthcare providers and insurance bodies. It is affordable for patients and efficient in its results. Others medical advantages include comfort for patients and user-friendliness. The multi-functionality of DERMADROP would be an added value that complements it as a highly competitive therapy solution, marketed by Meddrop GmbH and its existing extensive international distribution network.</objective>
  
  
	
	
  
  <title>DERMADROP  - A COMPREHENSIVE TRANSDERMAL THERAPY CONCEPT FOR NON-
HEALING WOUNDS AND OTHER SKIN DISORDERS
</title>
  
  
	
	
  
  <totalCost>71429</totalCost>
  
  
	
	
  
  <ecMaxContribution>50000</ecMaxContribution>
  
  
	
	
  
  <startDate>2015-06-01</startDate>
  
  
	
	
  
  <endDate>2015-12-01</endDate>
  
  
	
	
  
  <contract>
    
    
		
    
    <duration>6</duration>
    
    
	
  
  </contract>
  
  
	
  
  <status>SIGNED</status>
  
  
	
	
  
  <contentCreationDate>2015-06-02 11:22:55</contentCreationDate>
  
  
	
	
  
  <contentUpdateDate>2015-06-02 11:22:55</contentUpdateDate>
  
  
	
	
  
  <lastUpdateDate>2015-06-02 11:22:55</lastUpdateDate>
  
  
	
	
  
  <relations>
    
    
		
    
    <associations>
      
      
			
      
      
			
      
      
			
      
      
			
      
      
			
      
      
		
    
        
				
        
      <programme type="relatedProgramme">
        
          
					
          
        <availableLanguages>en</availableLanguages>
        
          
					
          
        <rcn>664225</rcn>
        
          
					
          
        <code>H2020-EU.2.3.1.</code>
        
          
					
          
        <pga>H2020-EU.2.3.1.</pga>
        
          
					
          
        <title> Mainstreaming SME support, especially through a dedicated instrument</title>
        
          
					
          
        <parent>
          
            
						
            
          <parent>
            
              
							
              
            <programme>
              
                
								
                
              <rcn>664223</rcn>
              
                
								
                
              <code>H2020-EU.2.3.</code>
              
                
								
                
              <parent>
                
                  
									
                  
                <parent>
                  
                    
										
                    
                  <programme>
                    
                      
											
                      
                    <rcn>664143</rcn>
                    
                      
											
                      
                    <code>H2020-EU.2.</code>
                    
                      
											
                      
                    <parent>
                      
                        
												
                        
                      <parent>
                        
                          
													
                          
                        <programme>
                          
                            
														
                            
                          <rcn>664087</rcn>
                          
                            
														
                            
                          <code>H2020-EC</code>
                          
                            
														
                            
                          <parent>
                            
                              
															
                              
                            <parent>
                              
                                
																
                                
                              <programme>
                                
                                  
																	
                                  
                                <rcn>664086</rcn>
                                
                                  
																	
                                  
                                <code>H2020</code>
                                
                                  
																
                                
                              </programme>
                              
                                
															
                              
                            </parent>
                            
                              
														
                            
                          </parent>
                          
                            
													
                          
                        </programme>
                        
                          
												
                        
                      </parent>
                      
                        
											
                      
                    </parent>
                    
                      
										
                    
                  </programme>
                  
                    
									
                  
                </parent>
                
                  
								
                
              </parent>
              
                
							
              
            </programme>
            
              
						
            
          </parent>
          
            
					
          
        </parent>
        
          
				
        
      </programme>
      
        
			
      
        
				
        
      <programme type="relatedProgramme">
        
          
					
          
        <availableLanguages>en</availableLanguages>
        
          
					
          
        <rcn>664189</rcn>
        
          
					
          
        <code>H2020-EU.2.1.4.</code>
        
          
					
          
        <pga>H2020-EU.2.1.4.</pga>
        
          
					
          
        <title>Biotechnology</title>
        
          
					
          
        <parent>
          
            
						
            
          <parent>
            
              
							
              
            <programme>
              
                
								
                
              <rcn>664145</rcn>
              
                
								
                
              <code>H2020-EU.2.1.</code>
              
                
								
                
              <parent>
                
                  
									
                  
                <parent>
                  
                    
										
                    
                  <programme>
                    
                      
											
                      
                    <rcn>664143</rcn>
                    
                      
											
                      
                    <code>H2020-EU.2.</code>
                    
                      
											
                      
                    <parent>
                      
                        
												
                        
                      <parent>
                        
                          
													
                          
                        <programme>
                          
                            
														
                            
                          <rcn>664087</rcn>
                          
                            
														
                            
                          <code>H2020-EC</code>
                          
                            
														
                            
                          <parent>
                            
                              
															
                              
                            <parent>
                              
                                
																
                                
                              <programme>
                                
                                  
																	
                                  
                                <rcn>664086</rcn>
                                
                                  
																	
                                  
                                <code>H2020</code>
                                
                                  
																
                                
                              </programme>
                              
                                
															
                              
                            </parent>
                            
                              
														
                            
                          </parent>
                          
                            
													
                          
                        </programme>
                        
                          
												
                        
                      </parent>
                      
                        
											
                      
                    </parent>
                    
                      
										
                    
                  </programme>
                  
                    
									
                  
                </parent>
                
                  
								
                
              </parent>
              
                
							
              
            </programme>
            
              
						
            
          </parent>
          
            
					
          
        </parent>
        
          
				
        
      </programme>
      
        
			
      
        
				
        
      <programme type="relatedSubProgramme">
        
          
					
          
        <availableLanguages>en,any</availableLanguages>
        
          
					
          
        <rcn>665272</rcn>
        
          
					
          
        <code>BIOTEC-5b-2015-1</code>
        
          
					
          
        <title>SME boosting biotechnology-based industrial processes driving competitiveness and sustainability</title>
        
          
					
          
        <parent>
          
            
						
            
          <parent>
            
              
							
              
            <programme>
              
                
								
                
              <rcn>20200</rcn>
              
                
								
                
              <code>H2020-Topics</code>
              
                
							
              
            </programme>
            
              
						
            
          </parent>
          
            
					
          
        </parent>
        
          
				
        
      </programme>
      
        
			
      
        
				
        
      <call type="relatedCall">
        
          
					
          
        <rcn>303</rcn>
        
          
					
          
        <title>H2020-SMEINST-1-2015</title>
        
          
					
          
        <identifier>H2020-SMEINST-1-2015</identifier>
        
          
				
        
      </call>
      
        
			
      
        
				
        
      <organization order="1" ecContribution="50000" terminated="false" type="coordinator">
        
          
					
          
        <availableLanguages>en</availableLanguages>
        
          
					
          
        <rcn>2266589</rcn>
        
          
					
          
        <legalName>MEDDROP GMBH</legalName>
        
          
					
          
        <shortName>Meddrop GmbH</shortName>
        
          
					
          
        <address>
          
            
						
            
          <country>DE</country>
          
            
					
          
        </address>
        
          
					
          
        <relations>
          
            
						
            
          <regions>
            
              
							
              
              
						
            
                
								
                
            <region type="relatedRegion">
              
                  
									
                  
              <rcn>221940264</rcn>
              
                  
									
                  
              <name>Germany</name>
              
                  
									
                  
              <nutsCode>DE</nutsCode>
              
                  
									
                  
              <euCode>DE</euCode>
              
                  
									
                  
              <isoCode>DE</isoCode>
              
                  
									
                  
              <parents>
                
                    
										
                    
                <parents>
                  
                      
											
                      
                  <region>
                    
                        
												
                        
                    <rcn>4</rcn>
                    
                        
												
                        
                    <nutsCode>regionWorld</nutsCode>
                    
                        
												
                        
                    <euCode>regionWorld</euCode>
                    
                        
												
                        
                    <isoCode>regionWorld</isoCode>
                    
                        
											
                      
                  </region>
                  
                      
										
                    
                </parents>
                
                    
										
                    
                <parents>
                  
                      
											
                      
                  <region>
                    
                        
												
                        
                    <rcn>5</rcn>
                    
                        
												
                        
                    <nutsCode>regionEuMemberstate</nutsCode>
                    
                        
												
                        
                    <euCode>regionEuMemberstate</euCode>
                    
                        
												
                        
                    <isoCode>regionEuMemberstate</isoCode>
                    
                        
											
                      
                  </region>
                  
                      
										
                    
                </parents>
                
                    
										
                    
                <parents>
                  
                      
											
                      
                  <region>
                    
                        
												
                        
                    <rcn>6</rcn>
                    
                        
												
                        
                    <nutsCode>regionEuAssociated</nutsCode>
                    
                        
												
                        
                    <euCode>regionEuAssociated</euCode>
                    
                        
												
                        
                    <isoCode>regionEuAssociated</isoCode>
                    
                        
											
                      
                  </region>
                  
                      
										
                    
                </parents>
                
                    
									
                  
              </parents>
              
                  
								
                
            </region>
            
                
							
              
          </regions>
          
            
						
            
          <categories>
            
              
							
              
            <category classification="organizationActivityType" type="relatedOrganizationActivityType">
              
                
								
                
              <code>PRC</code>
              
                
								
                
                
							
              
            </category>
            
              
						
            
          </categories>
          
            
					
          
        </relations>
        
          
				
        
      </organization>
      
        
			
      
    </associations>
    
    
		
    
    <categories>
      
      
			
      
      <category classification="projectFundingSchemeCategory" type="relatedProjectFundingSchemeCategory">
        
        
				
        
        <availableLanguages>en</availableLanguages>
        
        
				
        
        <code>SME-1</code>
        
        
				
        
        
			
      
      </category>
      
      
		
    
    </categories>
    
    
	
  
  </relations>
  
  
	


</project>

