<?xml version="1.0" encoding="UTF-8"?>
<project xmlns="http://cordis.europa.eu">
  
  
	
	
  
  <language>en</language>
  
  
	
  
  <availableLanguages>en</availableLanguages>
  
  
	
  
  <rcn>193758</rcn>
  
  
	
	
  
  <reference>640896</reference>
  
  
	
	
  
  <acronym>SHEER</acronym>
  
  
	
	
  
  <teaser>The objective of SHEER is to develop best practices for assessing and mitigating the environmental footprint of shale gas exploration and exploitation. The consortium includes partners from Italy, United Kingdom, Poland, Germany, the Netherlands, USA. It will develop a probabi...</teaser>
  
  
	
	
  
  <objective>The objective of SHEER is to develop best practices for assessing and mitigating the environmental footprint of shale gas exploration and exploitation. The consortium includes partners from Italy, United Kingdom, Poland, Germany, the Netherlands, USA. It will develop a probabilistic procedure for assessing short and long-term risks associated with groundwater contamination, air pollution and induced seismicity. The severity of each of these depends strongly on the unexpected enhanced permeability pattern, which may develop as an unwanted by-product of the fracking processes and may become pathway for gas and fluid migration towards underground water reservoirs or the surface. An important part of SHEER will be devoted to monitor and understand how far this enhanced permeability pattern will develop both in space and time. These hazard may be at least partially inter-related as they all depend on this enhanced permeability pattern. Therefore they will be approached from a multi-hazard, multi parameter perspective. SHEER will develop methodologies and procedures to track and model fracture evolution around shale gas exploitation sites and a robust statistically based, multi-parameter methodology to assess environmental impacts and risks across the operational lifecycle of shale gas. The developed methodologies will be applied and tested on a comprehensive database consisting of seismicity, changes of the quality of ground-waters and air, ground deformations, and operational data collected from past case studies. They will be improved by the high quality data SHEER will collect monitoring micro-seismicity, air and groundwater quality and ground deformation in a planned hydraulic fracturing to be carried out by the Polish Oil and Gas Company in Pomerania. Best practices to be applied in Europe to monitor and minimize any environmental impacts will be worked out with the involvement of an advisory group including governmental decisional bodies and private industries.</objective>
  
  
	
	
  
  <title>SHale gas Exploration and Exploitation induced Risks</title>
  
  
	
	
  
  <totalCost>2680470</totalCost>
  
  
	
	
  
  <ecMaxContribution>2601720</ecMaxContribution>
  
  
	
	
  
  <startDate>2015-05-01</startDate>
  
  
	
	
  
  <endDate>2018-05-01</endDate>
  
  
	
	
  
  <contract>
    
    
		
    
    <duration>36</duration>
    
    
	
  
  </contract>
  
  
	
  
  <status>SIGNED</status>
  
  
	
	
  
  <contentCreationDate>2015-05-05 16:45:11</contentCreationDate>
  
  
	
	
  
  <contentUpdateDate>2015-06-02 10:24:52</contentUpdateDate>
  
  
	
	
  
  <lastUpdateDate>2015-06-02 10:24:52</lastUpdateDate>
  
  
	
	
  
  <relations>
    
    
		
    
    <associations>
      
      
			
      
      
			
      
      
			
      
      
			
      
      
			
      
      
			
      
      
			
      
      
			
      
      
			
      
      
			
      
      
			
      
      
			
      
      
			
      
      
			
      
      
		
    
        
				
        
      <programme type="relatedProgramme">
        
          
					
          
        <availableLanguages>en</availableLanguages>
        
          
					
          
        <rcn>664337</rcn>
        
          
					
          
        <code>H2020-EU.3.3.2.3.</code>
        
          
					
          
        <pga>H2020-EU.3.3.2.3.</pga>
        
          
					
          
        <title>Develop competitive and environmentally safe technologies for CO2 capture, transport, storage and re-use</title>
        
          
					
          
        <parent>
          
            
						
            
          <parent>
            
              
							
              
            <programme>
              
                
								
                
              <rcn>664331</rcn>
              
                
								
                
              <code>H2020-EU.3.3.2.</code>
              
                
								
                
              <parent>
                
                  
									
                  
                <parent>
                  
                    
										
                    
                  <programme>
                    
                      
											
                      
                    <rcn>664321</rcn>
                    
                      
											
                      
                    <code>H2020-EU.3.3.</code>
                    
                      
											
                      
                    <parent>
                      
                        
												
                        
                      <parent>
                        
                          
													
                          
                        <programme>
                          
                            
														
                            
                          <rcn>664235</rcn>
                          
                            
														
                            
                          <code>H2020-EU.3.</code>
                          
                            
														
                            
                          <parent>
                            
                              
															
                              
                            <parent>
                              
                                
																
                                
                              <programme>
                                
                                  
																	
                                  
                                <rcn>664087</rcn>
                                
                                  
																	
                                  
                                <code>H2020-EC</code>
                                
                                  
																	
                                  
                                <parent>
                                  
                                    
																		
                                    
                                  <parent>
                                    
                                      
																			
                                      
                                    <programme>
                                      
                                        
																				
                                        
                                      <rcn>664086</rcn>
                                      
                                        
																				
                                        
                                      <code>H2020</code>
                                      
                                        
																			
                                      
                                    </programme>
                                    
                                      
																		
                                    
                                  </parent>
                                  
                                    
																	
                                  
                                </parent>
                                
                                  
																
                                
                              </programme>
                              
                                
															
                              
                            </parent>
                            
                              
														
                            
                          </parent>
                          
                            
													
                          
                        </programme>
                        
                          
												
                        
                      </parent>
                      
                        
											
                      
                    </parent>
                    
                      
										
                    
                  </programme>
                  
                    
									
                  
                </parent>
                
                  
								
                
              </parent>
              
                
							
              
            </programme>
            
              
						
            
          </parent>
          
            
					
          
        </parent>
        
          
				
        
      </programme>
      
        
			
      
        
				
        
      <programme type="relatedProgramme">
        
          
					
          
        <availableLanguages>en</availableLanguages>
        
          
					
          
        <rcn>664235</rcn>
        
          
					
          
        <code>H2020-EU.3.</code>
        
          
					
          
        <pga>H2020-EU.3.</pga>
        
          
					
          
        <title>Societal Challenges</title>
        
          
					
          
        <parent>
          
            
						
            
          <parent>
            
              
							
              
            <programme>
              
                
								
                
              <rcn>664087</rcn>
              
                
								
                
              <code>H2020-EC</code>
              
                
								
                
              <parent>
                
                  
									
                  
                <parent>
                  
                    
										
                    
                  <programme>
                    
                      
											
                      
                    <rcn>664086</rcn>
                    
                      
											
                      
                    <code>H2020</code>
                    
                      
										
                    
                  </programme>
                  
                    
									
                  
                </parent>
                
                  
								
                
              </parent>
              
                
							
              
            </programme>
            
              
						
            
          </parent>
          
            
					
          
        </parent>
        
          
				
        
      </programme>
      
        
			
      
        
				
        
      <programme type="relatedProgramme">
        
          
					
          
        <availableLanguages>en</availableLanguages>
        
          
					
          
        <rcn>664321</rcn>
        
          
					
          
        <code>H2020-EU.3.3.</code>
        
          
					
          
        <pga>H2020-EU.3.3.</pga>
        
          
					
          
        <title>Secure, clean and efficient energy</title>
        
          
					
          
        <parent>
          
            
						
            
          <parent>
            
              
							
              
            <programme>
              
                
								
                
              <rcn>664235</rcn>
              
                
								
                
              <code>H2020-EU.3.</code>
              
                
								
                
              <parent>
                
                  
									
                  
                <parent>
                  
                    
										
                    
                  <programme>
                    
                      
											
                      
                    <rcn>664087</rcn>
                    
                      
											
                      
                    <code>H2020-EC</code>
                    
                      
											
                      
                    <parent>
                      
                        
												
                        
                      <parent>
                        
                          
													
                          
                        <programme>
                          
                            
														
                            
                          <rcn>664086</rcn>
                          
                            
														
                            
                          <code>H2020</code>
                          
                            
													
                          
                        </programme>
                        
                          
												
                        
                      </parent>
                      
                        
											
                      
                    </parent>
                    
                      
										
                    
                  </programme>
                  
                    
									
                  
                </parent>
                
                  
								
                
              </parent>
              
                
							
              
            </programme>
            
              
						
            
          </parent>
          
            
					
          
        </parent>
        
          
				
        
      </programme>
      
        
			
      
        
				
        
      <programme type="relatedProgramme">
        
          
					
          
        <availableLanguages>en</availableLanguages>
        
          
					
          
        <rcn>664331</rcn>
        
          
					
          
        <code>H2020-EU.3.3.2.</code>
        
          
					
          
        <pga>H2020-EU.3.3.2.</pga>
        
          
					
          
        <title>Low-cost, low-carbon energy supply</title>
        
          
					
          
        <parent>
          
            
						
            
          <parent>
            
              
							
              
            <programme>
              
                
								
                
              <rcn>664321</rcn>
              
                
								
                
              <code>H2020-EU.3.3.</code>
              
                
								
                
              <parent>
                
                  
									
                  
                <parent>
                  
                    
										
                    
                  <programme>
                    
                      
											
                      
                    <rcn>664235</rcn>
                    
                      
											
                      
                    <code>H2020-EU.3.</code>
                    
                      
											
                      
                    <parent>
                      
                        
												
                        
                      <parent>
                        
                          
													
                          
                        <programme>
                          
                            
														
                            
                          <rcn>664087</rcn>
                          
                            
														
                            
                          <code>H2020-EC</code>
                          
                            
														
                            
                          <parent>
                            
                              
															
                              
                            <parent>
                              
                                
																
                                
                              <programme>
                                
                                  
																	
                                  
                                <rcn>664086</rcn>
                                
                                  
																	
                                  
                                <code>H2020</code>
                                
                                  
																
                                
                              </programme>
                              
                                
															
                              
                            </parent>
                            
                              
														
                            
                          </parent>
                          
                            
													
                          
                        </programme>
                        
                          
												
                        
                      </parent>
                      
                        
											
                      
                    </parent>
                    
                      
										
                    
                  </programme>
                  
                    
									
                  
                </parent>
                
                  
								
                
              </parent>
              
                
							
              
            </programme>
            
              
						
            
          </parent>
          
            
					
          
        </parent>
        
          
				
        
      </programme>
      
        
			
      
        
				
        
      <programme type="relatedSubProgramme">
        
          
					
          
        <availableLanguages>en,any</availableLanguages>
        
          
					
          
        <rcn>664866</rcn>
        
          
					
          
        <code>LCE-16-2014</code>
        
          
					
          
        <title>Understanding, preventing and mitigating the potential environmental impacts and risks of shale gas exploration and exploitation</title>
        
          
					
          
        <parent>
          
            
						
            
          <parent>
            
              
							
              
            <programme>
              
                
								
                
              <rcn>20200</rcn>
              
                
								
                
              <code>H2020-Topics</code>
              
                
							
              
            </programme>
            
              
						
            
          </parent>
          
            
					
          
        </parent>
        
          
				
        
      </programme>
      
        
			
      
        
				
        
      <call type="relatedCall">
        
          
					
          
        <rcn>464</rcn>
        
          
					
          
        <title>H2020-LCE-2014-1</title>
        
          
					
          
        <identifier>H2020-LCE-2014-1</identifier>
        
          
				
        
      </call>
      
        
			
      
        
				
        
      <organization order="1" ecContribution="715625" terminated="false" type="coordinator">
        
          
					
          
        <availableLanguages>en</availableLanguages>
        
          
					
          
        <rcn>2263295</rcn>
        
          
					
          
        <legalName>AMRA - ANALISI E MONITORAGGIO DEL RISCHIO AMBIENTALE SCARL</legalName>
        
          
					
          
        <shortName>AMRA</shortName>
        
          
					
          
        <address>
          
            
						
            
          <country>IT</country>
          
            
					
          
        </address>
        
          
					
          
        <relations>
          
            
						
            
          <regions>
            
              
							
              
              
						
            
                
								
                
            <region type="relatedRegion">
              
                  
									
                  
              <rcn>309758504</rcn>
              
                  
									
                  
              <name>Italy</name>
              
                  
									
                  
              <nutsCode>IT</nutsCode>
              
                  
									
                  
              <euCode>IT</euCode>
              
                  
									
                  
              <isoCode>IT</isoCode>
              
                  
									
                  
              <parents>
                
                    
										
                    
                <parents>
                  
                      
											
                      
                  <region>
                    
                        
												
                        
                    <rcn>4</rcn>
                    
                        
												
                        
                    <nutsCode>regionWorld</nutsCode>
                    
                        
												
                        
                    <euCode>regionWorld</euCode>
                    
                        
												
                        
                    <isoCode>regionWorld</isoCode>
                    
                        
											
                      
                  </region>
                  
                      
										
                    
                </parents>
                
                    
										
                    
                <parents>
                  
                      
											
                      
                  <region>
                    
                        
												
                        
                    <rcn>5</rcn>
                    
                        
												
                        
                    <nutsCode>regionEuMemberstate</nutsCode>
                    
                        
												
                        
                    <euCode>regionEuMemberstate</euCode>
                    
                        
												
                        
                    <isoCode>regionEuMemberstate</isoCode>
                    
                        
											
                      
                  </region>
                  
                      
										
                    
                </parents>
                
                    
										
                    
                <parents>
                  
                      
											
                      
                  <region>
                    
                        
												
                        
                    <rcn>6</rcn>
                    
                        
												
                        
                    <nutsCode>regionEuAssociated</nutsCode>
                    
                        
												
                        
                    <euCode>regionEuAssociated</euCode>
                    
                        
												
                        
                    <isoCode>regionEuAssociated</isoCode>
                    
                        
											
                      
                  </region>
                  
                      
										
                    
                </parents>
                
                    
									
                  
              </parents>
              
                  
								
                
            </region>
            
                
							
              
          </regions>
          
            
						
            
          <categories>
            
              
							
              
            <category classification="organizationActivityType" type="relatedOrganizationActivityType">
              
                
								
                
              <code>REC</code>
              
                
								
                
              <title>Research Organisations</title>
              
                
								
                
                
							
              
            </category>
            
              
						
            
          </categories>
          
            
					
          
        </relations>
        
          
				
        
      </organization>
      
        
			
      
        
				
        
      <organization order="2" ecContribution="680000" terminated="false" type="participant">
        
          
					
          
        <availableLanguages>en</availableLanguages>
        
          
					
          
        <rcn>2263296</rcn>
        
          
					
          
        <legalName>Instytut Geofizyki Polskiej Akademii Nauk</legalName>
        
          
					
          
        <shortName>IGF PAS</shortName>
        
          
					
          
        <address>
          
            
						
            
          <country>PL</country>
          
            
					
          
        </address>
        
          
					
          
        <relations>
          
            
						
            
          <regions>
            
              
							
              
              
						
            
                
								
                
            <region type="relatedRegion">
              
                  
									
                  
              <rcn>425101864</rcn>
              
                  
									
                  
              <name>Poland</name>
              
                  
									
                  
              <nutsCode>PL</nutsCode>
              
                  
									
                  
              <euCode>PL</euCode>
              
                  
									
                  
              <isoCode>PL</isoCode>
              
                  
									
                  
              <parents>
                
                    
										
                    
                <parents>
                  
                      
											
                      
                  <region>
                    
                        
												
                        
                    <rcn>4</rcn>
                    
                        
												
                        
                    <nutsCode>regionWorld</nutsCode>
                    
                        
												
                        
                    <euCode>regionWorld</euCode>
                    
                        
												
                        
                    <isoCode>regionWorld</isoCode>
                    
                        
											
                      
                  </region>
                  
                      
										
                    
                </parents>
                
                    
										
                    
                <parents>
                  
                      
											
                      
                  <region>
                    
                        
												
                        
                    <rcn>5</rcn>
                    
                        
												
                        
                    <nutsCode>regionEuMemberstate</nutsCode>
                    
                        
												
                        
                    <euCode>regionEuMemberstate</euCode>
                    
                        
												
                        
                    <isoCode>regionEuMemberstate</isoCode>
                    
                        
											
                      
                  </region>
                  
                      
										
                    
                </parents>
                
                    
										
                    
                <parents>
                  
                      
											
                      
                  <region>
                    
                        
												
                        
                    <rcn>6</rcn>
                    
                        
												
                        
                    <nutsCode>regionEuAssociated</nutsCode>
                    
                        
												
                        
                    <euCode>regionEuAssociated</euCode>
                    
                        
												
                        
                    <isoCode>regionEuAssociated</isoCode>
                    
                        
											
                      
                  </region>
                  
                      
										
                    
                </parents>
                
                    
									
                  
              </parents>
              
                  
								
                
            </region>
            
                
							
              
          </regions>
          
            
						
            
          <categories>
            
              
							
              
            <category classification="organizationActivityType" type="relatedOrganizationActivityType">
              
                
								
                
              <code>REC</code>
              
                
								
                
              <title>Research Organisations</title>
              
                
								
                
                
							
              
            </category>
            
              
						
            
          </categories>
          
            
					
          
        </relations>
        
          
				
        
      </organization>
      
        
			
      
        
				
        
      <organization order="7" ecContribution="210000" terminated="false" type="participant">
        
          
					
          
        <availableLanguages>en</availableLanguages>
        
          
					
          
        <rcn>2263301</rcn>
        
          
					
          
        <legalName>UNIVERSITY OF GLASGOW</legalName>
        
          
					
          
        <shortName>UNIVERSITY OF GLASGOW</shortName>
        
          
					
          
        <address>
          
            
						
            
          <country>UK</country>
          
            
					
          
        </address>
        
          
					
          
        <relations>
          
            
						
            
          <regions>
            
              
							
              
              
						
            
                
								
                
            <region type="relatedRegion">
              
                  
									
                  
              <rcn>508725800</rcn>
              
                  
									
                  
              <name>United Kingdom</name>
              
                  
									
                  
              <nutsCode>UK</nutsCode>
              
                  
									
                  
              <euCode>UK</euCode>
              
                  
									
                  
              <isoCode>GB</isoCode>
              
                  
									
                  
              <parents>
                
                    
										
                    
                <parents>
                  
                      
											
                      
                  <region>
                    
                        
												
                        
                    <rcn>4</rcn>
                    
                        
												
                        
                    <nutsCode>regionWorld</nutsCode>
                    
                        
												
                        
                    <euCode>regionWorld</euCode>
                    
                        
												
                        
                    <isoCode>regionWorld</isoCode>
                    
                        
											
                      
                  </region>
                  
                      
										
                    
                </parents>
                
                    
										
                    
                <parents>
                  
                      
											
                      
                  <region>
                    
                        
												
                        
                    <rcn>5</rcn>
                    
                        
												
                        
                    <nutsCode>regionEuMemberstate</nutsCode>
                    
                        
												
                        
                    <euCode>regionEuMemberstate</euCode>
                    
                        
												
                        
                    <isoCode>regionEuMemberstate</isoCode>
                    
                        
											
                      
                  </region>
                  
                      
										
                    
                </parents>
                
                    
										
                    
                <parents>
                  
                      
											
                      
                  <region>
                    
                        
												
                        
                    <rcn>6</rcn>
                    
                        
												
                        
                    <nutsCode>regionEuAssociated</nutsCode>
                    
                        
												
                        
                    <euCode>regionEuAssociated</euCode>
                    
                        
												
                        
                    <isoCode>regionEuAssociated</isoCode>
                    
                        
											
                      
                  </region>
                  
                      
										
                    
                </parents>
                
                    
									
                  
              </parents>
              
                  
								
                
            </region>
            
                
							
              
          </regions>
          
            
						
            
          <categories>
            
              
							
              
            <category classification="organizationActivityType" type="relatedOrganizationActivityType">
              
                
								
                
              <code>HES</code>
              
                
								
                
              <title>Higher or Secondary Education Establishments</title>
              
                
								
                
                
							
              
            </category>
            
              
						
            
          </categories>
          
            
					
          
        </relations>
        
          
				
        
      </organization>
      
        
			
      
        
				
        
      <organization order="3" ecContribution="291807.5" terminated="false" type="participant">
        
          
					
          
        <availableLanguages>en</availableLanguages>
        
          
					
          
        <rcn>2263297</rcn>
        
          
					
          
        <legalName>UNIVERSITY OF KEELE</legalName>
        
          
					
          
        <shortName>KeU</shortName>
        
          
					
          
        <address>
          
            
						
            
          <country>UK</country>
          
            
					
          
        </address>
        
          
					
          
        <relations>
          
            
						
            
          <regions>
            
              
							
              
              
						
            
                
								
                
            <region type="relatedRegion">
              
                  
									
                  
              <rcn>508725800</rcn>
              
                  
									
                  
              <name>United Kingdom</name>
              
                  
									
                  
              <nutsCode>UK</nutsCode>
              
                  
									
                  
              <euCode>UK</euCode>
              
                  
									
                  
              <isoCode>GB</isoCode>
              
                  
									
                  
              <parents>
                
                    
										
                    
                <parents>
                  
                      
											
                      
                  <region>
                    
                        
												
                        
                    <rcn>4</rcn>
                    
                        
												
                        
                    <nutsCode>regionWorld</nutsCode>
                    
                        
												
                        
                    <euCode>regionWorld</euCode>
                    
                        
												
                        
                    <isoCode>regionWorld</isoCode>
                    
                        
											
                      
                  </region>
                  
                      
										
                    
                </parents>
                
                    
										
                    
                <parents>
                  
                      
											
                      
                  <region>
                    
                        
												
                        
                    <rcn>5</rcn>
                    
                        
												
                        
                    <nutsCode>regionEuMemberstate</nutsCode>
                    
                        
												
                        
                    <euCode>regionEuMemberstate</euCode>
                    
                        
												
                        
                    <isoCode>regionEuMemberstate</isoCode>
                    
                        
											
                      
                  </region>
                  
                      
										
                    
                </parents>
                
                    
										
                    
                <parents>
                  
                      
											
                      
                  <region>
                    
                        
												
                        
                    <rcn>6</rcn>
                    
                        
												
                        
                    <nutsCode>regionEuAssociated</nutsCode>
                    
                        
												
                        
                    <euCode>regionEuAssociated</euCode>
                    
                        
												
                        
                    <isoCode>regionEuAssociated</isoCode>
                    
                        
											
                      
                  </region>
                  
                      
										
                    
                </parents>
                
                    
									
                  
              </parents>
              
                  
								
                
            </region>
            
                
							
              
          </regions>
          
            
						
            
          <categories>
            
              
							
              
            <category classification="organizationActivityType" type="relatedOrganizationActivityType">
              
                
								
                
              <code>HES</code>
              
                
								
                
              <title>Higher or Secondary Education Establishments</title>
              
                
								
                
                
							
              
            </category>
            
              
						
            
          </categories>
          
            
					
          
        </relations>
        
          
				
        
      </organization>
      
        
			
      
        
				
        
      <organization order="8" ecContribution="0" terminated="false" type="participant">
        
          
					
          
        <availableLanguages>en</availableLanguages>
        
          
					
          
        <rcn>2263302</rcn>
        
          
					
          
        <legalName>UNIVERISITY OF WYOMING</legalName>
        
          
					
          
        <shortName>University of Wyoming</shortName>
        
          
					
          
        <address>
          
            
						
            
          <country>US</country>
          
            
					
          
        </address>
        
          
					
          
        <relations>
          
            
						
            
          <regions>
            
              
							
              
              
						
            
                
								
                
            <region type="relatedRegion">
              
                  
									
                  
              <rcn>510822952</rcn>
              
                  
									
                  
              <name>United States</name>
              
                  
									
                  
              <nutsCode>US</nutsCode>
              
                  
									
                  
              <euCode>US</euCode>
              
                  
									
                  
              <isoCode>US</isoCode>
              
                  
									
                  
              <parents>
                
                    
										
                    
                <parents>
                  
                      
											
                      
                  <region>
                    
                        
												
                        
                    <rcn>4</rcn>
                    
                        
												
                        
                    <nutsCode>regionWorld</nutsCode>
                    
                        
												
                        
                    <euCode>regionWorld</euCode>
                    
                        
												
                        
                    <isoCode>regionWorld</isoCode>
                    
                        
											
                      
                  </region>
                  
                      
										
                    
                </parents>
                
                    
									
                  
              </parents>
              
                  
								
                
            </region>
            
                
							
              
          </regions>
          
            
						
            
          <categories>
            
              
							
              
            <category classification="organizationActivityType" type="relatedOrganizationActivityType">
              
                
								
                
              <code>HES</code>
              
                
								
                
              <title>Higher or Secondary Education Establishments</title>
              
                
								
                
                
							
              
            </category>
            
              
						
            
          </categories>
          
            
					
          
        </relations>
        
          
				
        
      </organization>
      
        
			
      
        
				
        
      <organization order="5" ecContribution="119975" terminated="false" type="participant">
        
          
					
          
        <availableLanguages>en</availableLanguages>
        
          
					
          
        <rcn>2263299</rcn>
        
          
					
          
        <legalName>KONINKLIJK NEDERLANDS METEOROLOGISCH INSTITUUT-KNMI</legalName>
        
          
					
          
        <shortName>KNMI</shortName>
        
          
					
          
        <address>
          
            
						
            
          <country>NL</country>
          
            
					
          
        </address>
        
          
					
          
        <relations>
          
            
						
            
          <regions>
            
              
							
              
              
						
            
                
								
                
            <region type="relatedRegion">
              
                  
									
                  
              <rcn>391547432</rcn>
              
                  
									
                  
              <name>Netherlands</name>
              
                  
									
                  
              <nutsCode>NL</nutsCode>
              
                  
									
                  
              <euCode>NL</euCode>
              
                  
									
                  
              <isoCode>NL</isoCode>
              
                  
									
                  
              <parents>
                
                    
										
                    
                <parents>
                  
                      
											
                      
                  <region>
                    
                        
												
                        
                    <rcn>4</rcn>
                    
                        
												
                        
                    <nutsCode>regionWorld</nutsCode>
                    
                        
												
                        
                    <euCode>regionWorld</euCode>
                    
                        
												
                        
                    <isoCode>regionWorld</isoCode>
                    
                        
											
                      
                  </region>
                  
                      
										
                    
                </parents>
                
                    
										
                    
                <parents>
                  
                      
											
                      
                  <region>
                    
                        
												
                        
                    <rcn>5</rcn>
                    
                        
												
                        
                    <nutsCode>regionEuMemberstate</nutsCode>
                    
                        
												
                        
                    <euCode>regionEuMemberstate</euCode>
                    
                        
												
                        
                    <isoCode>regionEuMemberstate</isoCode>
                    
                        
											
                      
                  </region>
                  
                      
										
                    
                </parents>
                
                    
										
                    
                <parents>
                  
                      
											
                      
                  <region>
                    
                        
												
                        
                    <rcn>6</rcn>
                    
                        
												
                        
                    <nutsCode>regionEuAssociated</nutsCode>
                    
                        
												
                        
                    <euCode>regionEuAssociated</euCode>
                    
                        
												
                        
                    <isoCode>regionEuAssociated</isoCode>
                    
                        
											
                      
                  </region>
                  
                      
										
                    
                </parents>
                
                    
									
                  
              </parents>
              
                  
								
                
            </region>
            
                
							
              
          </regions>
          
            
						
            
          <categories>
            
              
							
              
            <category classification="organizationActivityType" type="relatedOrganizationActivityType">
              
                
								
                
              <code>REC</code>
              
                
								
                
              <title>Research Organisations</title>
              
                
								
                
                
							
              
            </category>
            
              
						
            
          </categories>
          
            
					
          
        </relations>
        
          
				
        
      </organization>
      
        
			
      
        
				
        
      <organization order="4" ecContribution="239000" terminated="false" type="participant">
        
          
					
          
        <availableLanguages>en</availableLanguages>
        
          
					
          
        <rcn>2263298</rcn>
        
          
					
          
        <legalName>HELMHOLTZ ZENTRUM POTSDAM DEUTSCHES GEOFORSCHUNGSZENTRUM</legalName>
        
          
					
          
        <shortName>GFZ</shortName>
        
          
					
          
        <address>
          
            
						
            
          <country>DE</country>
          
            
					
          
        </address>
        
          
					
          
        <relations>
          
            
						
            
          <regions>
            
              
							
              
              
						
            
                
								
                
            <region type="relatedRegion">
              
                  
									
                  
              <rcn>221940264</rcn>
              
                  
									
                  
              <name>Germany</name>
              
                  
									
                  
              <nutsCode>DE</nutsCode>
              
                  
									
                  
              <euCode>DE</euCode>
              
                  
									
                  
              <isoCode>DE</isoCode>
              
                  
									
                  
              <parents>
                
                    
										
                    
                <parents>
                  
                      
											
                      
                  <region>
                    
                        
												
                        
                    <rcn>4</rcn>
                    
                        
												
                        
                    <nutsCode>regionWorld</nutsCode>
                    
                        
												
                        
                    <euCode>regionWorld</euCode>
                    
                        
												
                        
                    <isoCode>regionWorld</isoCode>
                    
                        
											
                      
                  </region>
                  
                      
										
                    
                </parents>
                
                    
										
                    
                <parents>
                  
                      
											
                      
                  <region>
                    
                        
												
                        
                    <rcn>5</rcn>
                    
                        
												
                        
                    <nutsCode>regionEuMemberstate</nutsCode>
                    
                        
												
                        
                    <euCode>regionEuMemberstate</euCode>
                    
                        
												
                        
                    <isoCode>regionEuMemberstate</isoCode>
                    
                        
											
                      
                  </region>
                  
                      
										
                    
                </parents>
                
                    
										
                    
                <parents>
                  
                      
											
                      
                  <region>
                    
                        
												
                        
                    <rcn>6</rcn>
                    
                        
												
                        
                    <nutsCode>regionEuAssociated</nutsCode>
                    
                        
												
                        
                    <euCode>regionEuAssociated</euCode>
                    
                        
												
                        
                    <isoCode>regionEuAssociated</isoCode>
                    
                        
											
                      
                  </region>
                  
                      
										
                    
                </parents>
                
                    
									
                  
              </parents>
              
                  
								
                
            </region>
            
                
							
              
          </regions>
          
            
						
            
          <categories>
            
              
							
              
            <category classification="organizationActivityType" type="relatedOrganizationActivityType">
              
                
								
                
              <code>REC</code>
              
                
								
                
              <title>Research Organisations</title>
              
                
								
                
                
							
              
            </category>
            
              
						
            
          </categories>
          
            
					
          
        </relations>
        
          
				
        
      </organization>
      
        
			
      
        
				
        
      <organization order="6" ecContribution="345312.5" terminated="false" type="participant">
        
          
					
          
        <availableLanguages>en</availableLanguages>
        
          
					
          
        <rcn>2263300</rcn>
        
          
					
          
        <legalName>RSKW LTD</legalName>
        
          
					
          
        <shortName>RSK W Ltd</shortName>
        
          
					
          
        <address>
          
            
						
            
          <country>UK</country>
          
            
					
          
        </address>
        
          
					
          
        <relations>
          
            
						
            
          <regions>
            
              
							
              
              
						
            
                
								
                
            <region type="relatedRegion">
              
                  
									
                  
              <rcn>508725800</rcn>
              
                  
									
                  
              <name>United Kingdom</name>
              
                  
									
                  
              <nutsCode>UK</nutsCode>
              
                  
									
                  
              <euCode>UK</euCode>
              
                  
									
                  
              <isoCode>GB</isoCode>
              
                  
									
                  
              <parents>
                
                    
										
                    
                <parents>
                  
                      
											
                      
                  <region>
                    
                        
												
                        
                    <rcn>4</rcn>
                    
                        
												
                        
                    <nutsCode>regionWorld</nutsCode>
                    
                        
												
                        
                    <euCode>regionWorld</euCode>
                    
                        
												
                        
                    <isoCode>regionWorld</isoCode>
                    
                        
											
                      
                  </region>
                  
                      
										
                    
                </parents>
                
                    
										
                    
                <parents>
                  
                      
											
                      
                  <region>
                    
                        
												
                        
                    <rcn>5</rcn>
                    
                        
												
                        
                    <nutsCode>regionEuMemberstate</nutsCode>
                    
                        
												
                        
                    <euCode>regionEuMemberstate</euCode>
                    
                        
												
                        
                    <isoCode>regionEuMemberstate</isoCode>
                    
                        
											
                      
                  </region>
                  
                      
										
                    
                </parents>
                
                    
										
                    
                <parents>
                  
                      
											
                      
                  <region>
                    
                        
												
                        
                    <rcn>6</rcn>
                    
                        
												
                        
                    <nutsCode>regionEuAssociated</nutsCode>
                    
                        
												
                        
                    <euCode>regionEuAssociated</euCode>
                    
                        
												
                        
                    <isoCode>regionEuAssociated</isoCode>
                    
                        
											
                      
                  </region>
                  
                      
										
                    
                </parents>
                
                    
									
                  
              </parents>
              
                  
								
                
            </region>
            
                
							
              
          </regions>
          
            
						
            
          <categories>
            
              
							
              
            <category classification="organizationActivityType" type="relatedOrganizationActivityType">
              
                
								
                
              <code>PRC</code>
              
                
								
                
              <title>Private for-profit entities (excluding Higher or Secondary Education Establishments)</title>
              
                
								
                
                
							
              
            </category>
            
              
						
            
          </categories>
          
            
					
          
        </relations>
        
          
				
        
      </organization>
      
        
			
      
    </associations>
    
    
		
    
    <categories>
      
      
			
      
      <category classification="projectFundingSchemeCategory" type="relatedProjectFundingSchemeCategory">
        
        
				
        
        <availableLanguages>en</availableLanguages>
        
        
				
        
        <code>RIA</code>
        
        
				
        
        <title>Research and Innovation action</title>
        
        
				
        
        
			
      
      </category>
      
      
		
    
    </categories>
    
    
	
  
  </relations>
  
  
	


</project>

