<?xml version="1.0" encoding="UTF-8"?>
<project xmlns="http://cordis.europa.eu">
  
  
	
	
  
  <language>en</language>
  
  
	
  
  <availableLanguages>en</availableLanguages>
  
  
	
  
  <rcn>198660</rcn>
  
  
	
	
  
  <reference>657769</reference>
  
  
	
	
  
  <acronym>PALEOSEISQUAKE</acronym>
  
  
	
	
  
  <teaser>The study of past earthquakes is essential in modern seismic hazard assessment. Paleoseismology is a field of research that allows to characterize past earthquakes and to determine the seismic potential of the source faults based on the interpretation of the geological record....</teaser>
  
  
	
	
  
  <objective>The study of past earthquakes is essential in modern seismic hazard assessment. Paleoseismology is a field of research that allows to characterize past earthquakes and to determine the seismic potential of the source faults based on the interpretation of the geological record. Thus, its strength is that covers much longer periods than the instrumental or historical seismic catalogues. Subaqueous paleoseismology merge and integrate paleoseismology and marine geology to detect and describe the occurrence of paleoearthquakes on faults located underwater. Recent advances in subaqueous paleoseismology have allowed to derive the submarine paleoearthquake records directly on-faults and their individual vertical displacement. The next step now is to move towards the obtaining of net displacements per event (normal and strike-slip components) and short term net slip-rates. The main objective of the PALEOSEISQUAKE project is to implement a new approach to characterize the seismic potential of active faults, with special emphasis on recognizing single net event displacements and obtaining precise net slip-rates. To achieve this objective different active fault systems located in the California margin (US) and Alboran Sea (southeastern Iberia) will be analyzed using closely-spaced grids (pseudo 3D) or 3D PCable surveys of high-resolution (HR) seismic data to derive 3D geological models where net displacements will be calculated. The resulting methodology will give more accuracy on the Quaternary slip rates of the faults and improve scientific knowledge about their behavior, but, also, reduce the uncertainties on the data used by scientists and civil protection authorities involved in seismic hazard assessment. PALEOSEISQUAKE is an original and innovative project that aims to develop a new scientific approach using modern analysis techniques, and will represent a step forward in subaqueous paleoseismology.</objective>
  
  
	
	
  
  <title>New approaches in subaqueous PALEOseismology using high‐resolution SEISmics to derive single net paleoearthQUAKEs displacement and to characterize the seismic cycle on active faults</title>
  
  
	
	
  
  <totalCost>239191.2</totalCost>
  
  
	
	
  
  <ecMaxContribution>239191.2</ecMaxContribution>
  
  
	
	
  
  <contract>
    
    
		
    
    <duration>36</duration>
    
    
	
  
  </contract>
  
  
	
  
  <status>SIGNED</status>
  
  
	
	
  
  <contentCreationDate>2015-10-20 13:00:37</contentCreationDate>
  
  
	
	
  
  <contentUpdateDate>2015-10-20 13:00:37</contentUpdateDate>
  
  
	
	
  
  <lastUpdateDate>2015-10-20 13:00:37</lastUpdateDate>
  
  
	
	
  
  <relations>
    
    
		
    
    <associations>
      
      
			
      
      
			
      
      
			
      
      
			
      
      
		
    
        
				
        
      <programme type="relatedProgramme">
        
          
					
          
        <availableLanguages>en</availableLanguages>
        
          
					
          
        <rcn>664113</rcn>
        
          
					
          
        <code>H2020-EU.1.3.2.</code>
        
          
					
          
        <pga>H2020-EU.1.3.2.</pga>
        
          
					
          
        <title>Nurturing excellence by means of cross-border and cross-sector mobility</title>
        
          
					
          
        <parent>
          
            
						
            
          <parent>
            
              
							
              
            <programme>
              
                
								
                
              <rcn>664109</rcn>
              
                
								
                
              <code>H2020-EU.1.3.</code>
              
                
								
                
              <parent>
                
                  
									
                  
                <parent>
                  
                    
										
                    
                  <programme>
                    
                      
											
                      
                    <rcn>664091</rcn>
                    
                      
											
                      
                    <code>H2020-EU.1.</code>
                    
                      
											
                      
                    <parent>
                      
                        
												
                        
                      <parent>
                        
                          
													
                          
                        <programme>
                          
                            
														
                            
                          <rcn>664087</rcn>
                          
                            
														
                            
                          <code>H2020-EC</code>
                          
                            
														
                            
                          <parent>
                            
                              
															
                              
                            <parent>
                              
                                
																
                                
                              <programme>
                                
                                  
																	
                                  
                                <rcn>664086</rcn>
                                
                                  
																	
                                  
                                <code>H2020</code>
                                
                                  
																
                                
                              </programme>
                              
                                
															
                              
                            </parent>
                            
                              
														
                            
                          </parent>
                          
                            
													
                          
                        </programme>
                        
                          
												
                        
                      </parent>
                      
                        
											
                      
                    </parent>
                    
                      
										
                    
                  </programme>
                  
                    
									
                  
                </parent>
                
                  
								
                
              </parent>
              
                
							
              
            </programme>
            
              
						
            
          </parent>
          
            
					
          
        </parent>
        
          
				
        
      </programme>
      
        
			
      
        
				
        
      <programme type="relatedSubProgramme">
        
          
					
          
        <availableLanguages>en,any</availableLanguages>
        
          
					
          
        <rcn>664609</rcn>
        
          
					
          
        <code>MSCA-IF-2014-GF</code>
        
          
					
          
        <title>Marie Skłodowska-Curie Individual Fellowships (IF-GF)</title>
        
          
					
          
        <parent>
          
            
						
            
          <parent>
            
              
							
              
            <programme>
              
                
								
                
              <rcn>20200</rcn>
              
                
								
                
              <code>H2020-Topics</code>
              
                
							
              
            </programme>
            
              
						
            
          </parent>
          
            
					
          
        </parent>
        
          
				
        
      </programme>
      
        
			
      
        
				
        
      <call type="relatedCall">
        
          
					
          
        <rcn>183</rcn>
        
          
					
          
        <title>H2020-MSCA-IF-2014</title>
        
          
					
          
        <identifier>H2020-MSCA-IF-2014</identifier>
        
          
				
        
      </call>
      
        
			
      
        
				
        
      <organization order="1" ecContribution="239191.2" terminated="false" type="coordinator">
        
          
					
          
        <availableLanguages>en</availableLanguages>
        
          
					
          
        <rcn>2319325</rcn>
        
          
					
          
        <legalName>AGENCIA ESTATAL CONSEJO SUPERIOR DE INVESTIGACIONES CIENTIFICAS</legalName>
        
          
					
          
        <shortName>CSIC</shortName>
        
          
					
          
        <address>
          
            
						
            
          <country>ES</country>
          
            
					
          
        </address>
        
          
					
          
        <relations>
          
            
						
            
          <regions>
            
              
							
              
              
						
            
                
								
                
            <region type="relatedRegion">
              
                  
									
                  
              <rcn>242387496</rcn>
              
                  
									
                  
              <name>Spain</name>
              
                  
									
                  
              <nutsCode>ES</nutsCode>
              
                  
									
                  
              <euCode>ES</euCode>
              
                  
									
                  
              <isoCode>ES</isoCode>
              
                  
									
                  
              <parents>
                
                    
										
                    
                <parents>
                  
                      
											
                      
                  <region>
                    
                        
												
                        
                    <rcn>4</rcn>
                    
                        
												
                        
                    <name>World</name>
                    
                        
												
                        
                    <nutsCode>regionWorld</nutsCode>
                    
                        
												
                        
                    <euCode>regionWorld</euCode>
                    
                        
												
                        
                    <isoCode>regionWorld</isoCode>
                    
                        
											
                      
                  </region>
                  
                      
										
                    
                </parents>
                
                    
										
                    
                <parents>
                  
                      
											
                      
                  <region>
                    
                        
												
                        
                    <rcn>5</rcn>
                    
                        
												
                        
                    <name>EU Memberstate</name>
                    
                        
												
                        
                    <nutsCode>regionEuMemberstate</nutsCode>
                    
                        
												
                        
                    <euCode>regionEuMemberstate</euCode>
                    
                        
												
                        
                    <isoCode>regionEuMemberstate</isoCode>
                    
                        
											
                      
                  </region>
                  
                      
										
                    
                </parents>
                
                    
										
                    
                <parents>
                  
                      
											
                      
                  <region>
                    
                        
												
                        
                    <rcn>6</rcn>
                    
                        
												
                        
                    <name>EU Associated</name>
                    
                        
												
                        
                    <nutsCode>regionEuAssociated</nutsCode>
                    
                        
												
                        
                    <euCode>regionEuAssociated</euCode>
                    
                        
												
                        
                    <isoCode>regionEuAssociated</isoCode>
                    
                        
											
                      
                  </region>
                  
                      
										
                    
                </parents>
                
                    
									
                  
              </parents>
              
                  
								
                
            </region>
            
                
							
              
          </regions>
          
            
						
            
          <categories>
            
              
							
              
            <category classification="organizationActivityType" type="relatedOrganizationActivityType">
              
                
								
                
              <code>REC</code>
              
                
								
                
              <title>Research Organisations</title>
              
                
								
                
                
							
              
            </category>
            
              
						
            
          </categories>
          
            
					
          
        </relations>
        
          
				
        
      </organization>
      
        
			
      
    </associations>
    
    
		
    
    <categories>
      
      
			
      
      <category classification="projectFundingSchemeCategory" type="relatedProjectFundingSchemeCategory">
        
        
				
        
        <availableLanguages>en</availableLanguages>
        
        
				
        
        <code>MSCA-IF-GF</code>
        
        
				
        
        <title>Global Fellowships</title>
        
        
				
        
        
			
      
      </category>
      
      
		
    
    </categories>
    
    
	
  
  </relations>
  
  
	


</project>

