<?xml version="1.0" encoding="UTF-8"?>
<project xmlns="http://cordis.europa.eu">
  
  
	
	
  
  <language>en</language>
  
  
	
  
  <availableLanguages>en</availableLanguages>
  
  
	
  
  <rcn>195875</rcn>
  
  
	
	
  
  <reference>660030</reference>
  
  
	
	
  
  <acronym>BARREL</acronym>
  
  
	
	
  
  <teaser>Development of resistance by bacteria to antibiotics makes design of novel antimicrobial compounds increasingly important. As persistent cells often become slow-growing or dormant, strategies targeting their membrane are becoming more relevant. For several natural antimicrobia...</teaser>
  
  
	
	
  
  <objective>Development of resistance by bacteria to antibiotics makes design of novel antimicrobial compounds increasingly important. As persistent cells often become slow-growing or dormant, strategies targeting their membrane are becoming more relevant. For several natural antimicrobial peptides function can be coupled to scaffolds with high sheet content. Toxic oligomers may assemble into hydrophilic or lipophilic sheet rich barrel constructs. However, this mechanism is not understood, greatly hindering rational development of similar compounds.
My main research goal is to reach insight into the structure-function relationships of the barrel molecular scaffold and to gain understanding of how its ability to protect internal parts from the environment may contribute to toxicity. To approach this problem, I aim to design and study foldamer oligomer assemblies. I hope to define the fundamentals of how peptide - lipid bilayer interactions govern formation of potentially toxic oligomers at a molecular level. This may be exploited for developing new antimicrobial compounds.
Foldamers are highly similar to natural peptides in terms of structural diversity, thus they are ideal model systems, in several cases showing antibiotic activity and enzyme resistance. The computationally designed, structures will be studied with experimental methods in model membranes. I have experience with theoretical (QM&amp;MD) and experimental tools (polarized light spectroscopy). However, characterisation of solution phase membrane systems requires use of additional techniques and I aim to learn more into X-ray scattering methods (SAXS,WAXS). In the lab of Prof. Attila Bota, I will have optimal conditions to gain expertise with these. The Host Institute will also provide a professionally organized and equipped environment, where I would have excellent chances to be offered a tenured position. I expect that the results and the planned outreach activities will have a positive impact on EU research.</objective>
  
  
	
	
  
  <title>Barrel Assemblies of Membrane Active Artificial Foldamers</title>
  
  
	
	
  
  <totalCost>146239.2</totalCost>
  
  
	
	
  
  <ecMaxContribution>146239.2</ecMaxContribution>
  
  
	
	
  
  <startDate>2015-08-01</startDate>
  
  
	
	
  
  <endDate>2017-08-01</endDate>
  
  
	
	
  
  <contract>
    
    
		
    
    <duration>24</duration>
    
    
	
  
  </contract>
  
  
	
  
  <status>SIGNED</status>
  
  
	
	
  
  <contentCreationDate>2015-05-05 19:46:37</contentCreationDate>
  
  
	
	
  
  <contentUpdateDate>2015-05-05 19:46:37</contentUpdateDate>
  
  
	
	
  
  <lastUpdateDate>2015-05-05 19:46:37</lastUpdateDate>
  
  
	
	
  
  <relations>
    
    
		
    
    <associations>
      
      
			
      
      
			
      
      
			
      
      
			
      
      
		
    
        
				
        
      <programme type="relatedProgramme">
        
          
					
          
        <availableLanguages>en</availableLanguages>
        
          
					
          
        <rcn>664113</rcn>
        
          
					
          
        <code>H2020-EU.1.3.2.</code>
        
          
					
          
        <pga>H2020-EU.1.3.2.</pga>
        
          
					
          
        <title>Nurturing excellence by means of cross-border and cross-sector mobility</title>
        
          
					
          
        <parent>
          
            
						
            
          <parent>
            
              
							
              
            <programme>
              
                
								
                
              <rcn>664109</rcn>
              
                
								
                
              <code>H2020-EU.1.3.</code>
              
                
								
                
              <parent>
                
                  
									
                  
                <parent>
                  
                    
										
                    
                  <programme>
                    
                      
											
                      
                    <rcn>664091</rcn>
                    
                      
											
                      
                    <code>H2020-EU.1.</code>
                    
                      
											
                      
                    <parent>
                      
                        
												
                        
                      <parent>
                        
                          
													
                          
                        <programme>
                          
                            
														
                            
                          <rcn>664087</rcn>
                          
                            
														
                            
                          <code>H2020-EC</code>
                          
                            
														
                            
                          <parent>
                            
                              
															
                              
                            <parent>
                              
                                
																
                                
                              <programme>
                                
                                  
																	
                                  
                                <rcn>664086</rcn>
                                
                                  
																	
                                  
                                <code>H2020</code>
                                
                                  
																
                                
                              </programme>
                              
                                
															
                              
                            </parent>
                            
                              
														
                            
                          </parent>
                          
                            
													
                          
                        </programme>
                        
                          
												
                        
                      </parent>
                      
                        
											
                      
                    </parent>
                    
                      
										
                    
                  </programme>
                  
                    
									
                  
                </parent>
                
                  
								
                
              </parent>
              
                
							
              
            </programme>
            
              
						
            
          </parent>
          
            
					
          
        </parent>
        
          
				
        
      </programme>
      
        
			
      
        
				
        
      <programme type="relatedSubProgramme">
        
          
					
          
        <availableLanguages>en,any</availableLanguages>
        
          
					
          
        <rcn>664546</rcn>
        
          
					
          
        <code>MSCA-IF-2014-EF</code>
        
          
					
          
        <title>Marie Skłodowska-Curie Individual Fellowships (IF-EF)</title>
        
          
					
          
        <parent>
          
            
						
            
          <parent>
            
              
							
              
            <programme>
              
                
								
                
              <rcn>20200</rcn>
              
                
								
                
              <code>H2020-Topics</code>
              
                
							
              
            </programme>
            
              
						
            
          </parent>
          
            
					
          
        </parent>
        
          
				
        
      </programme>
      
        
			
      
        
				
        
      <call type="relatedCall">
        
          
					
          
        <rcn>183</rcn>
        
          
					
          
        <title>H2020-MSCA-IF-2014</title>
        
          
					
          
        <identifier>H2020-MSCA-IF-2014</identifier>
        
          
				
        
      </call>
      
        
			
      
        
				
        
      <organization ecContribution="146239.2" order="1" terminated="false" type="coordinator">
        
          
					
          
        <availableLanguages>en</availableLanguages>
        
          
					
          
        <rcn>2246704</rcn>
        
          
					
          
        <legalName>MAGYAR TUDOMANYOS AKADEMIA TERMESZETTUDOMANYI KUTATOKOZPONT</legalName>
        
          
					
          
        <shortName>RCNS / MTA TTK</shortName>
        
          
					
          
        <address>
          
            
						
            
          <country>HU</country>
          
            
					
          
        </address>
        
          
					
          
        <relations>
          
            
						
            
          <regions>
            
              
							
              
              
						
            
                
								
                
            <region type="relatedRegion">
              
                  
									
                  
              <rcn>293243432</rcn>
              
                  
									
                  
              <name>Hungary</name>
              
                  
									
                  
              <nutsCode>HU</nutsCode>
              
                  
									
                  
              <euCode>HU</euCode>
              
                  
									
                  
              <isoCode>HU</isoCode>
              
                  
									
                  
              <parents>
                
                    
										
                    
                <parents>
                  
                      
											
                      
                  <region>
                    
                        
												
                        
                    <rcn>4</rcn>
                    
                        
												
                        
                    <nutsCode>regionWorld</nutsCode>
                    
                        
												
                        
                    <euCode>regionWorld</euCode>
                    
                        
												
                        
                    <isoCode>regionWorld</isoCode>
                    
                        
											
                      
                  </region>
                  
                      
										
                    
                </parents>
                
                    
										
                    
                <parents>
                  
                      
											
                      
                  <region>
                    
                        
												
                        
                    <rcn>5</rcn>
                    
                        
												
                        
                    <nutsCode>regionEuMemberstate</nutsCode>
                    
                        
												
                        
                    <euCode>regionEuMemberstate</euCode>
                    
                        
												
                        
                    <isoCode>regionEuMemberstate</isoCode>
                    
                        
											
                      
                  </region>
                  
                      
										
                    
                </parents>
                
                    
										
                    
                <parents>
                  
                      
											
                      
                  <region>
                    
                        
												
                        
                    <rcn>6</rcn>
                    
                        
												
                        
                    <nutsCode>regionEuAssociated</nutsCode>
                    
                        
												
                        
                    <euCode>regionEuAssociated</euCode>
                    
                        
												
                        
                    <isoCode>regionEuAssociated</isoCode>
                    
                        
											
                      
                  </region>
                  
                      
										
                    
                </parents>
                
                    
									
                  
              </parents>
              
                  
								
                
            </region>
            
                
							
              
          </regions>
          
            
						
            
          <categories>
            
              
							
              
            <category classification="organizationActivityType" type="relatedOrganizationActivityType">
              
                
								
                
              <code>HES</code>
              
                
								
                
                
							
              
            </category>
            
              
						
            
          </categories>
          
            
					
          
        </relations>
        
          
				
        
      </organization>
      
        
			
      
    </associations>
    
    
		
    
    <categories>
      
      
			
      
      <category classification="projectFundingSchemeCategory" type="relatedProjectFundingSchemeCategory">
        
        
				
        
        <availableLanguages>en</availableLanguages>
        
        
				
        
        <code>MSCA-IF-EF-ST</code>
        
        
				
        
        
			
      
      </category>
      
      
		
    
    </categories>
    
    
	
  
  </relations>
  
  
	


</project>

