<?xml version="1.0" encoding="UTF-8"?>
<project xmlns="http://cordis.europa.eu">
  
  
	
	
  
  <language>en</language>
  
  
	
  
  <availableLanguages>en</availableLanguages>
  
  
	
  
  <rcn>197309</rcn>
  
  
	
	
  
  <reference>667387</reference>
  
  
	
	
  
  <acronym>SupraChem Lab</acronym>
  
  
	
	
  
  <teaser>The SupraChem Lab Project aims to set up a competitive research group in the field of hybrid materials for adaptive selforganized supramolecular structures, in “Petru Poni” Institute of Macromolecular Chemistry - IntelCentre, Iasi, Romania. The new created group will benefit o...</teaser>
  
  
	
	
  
  <objective>The SupraChem Lab Project aims to set up a competitive research group in the field of hybrid materials for adaptive selforganized supramolecular structures, in “Petru Poni” Institute of Macromolecular Chemistry - IntelCentre, Iasi, Romania. The new created group will benefit of:
- the experience of Professor Jean Marie-Lehn (Nobel Prize in Chemistry 1987) who has accepted to supervise and support the set-up of the SupraChem Lab group and to chair the International Advisory Board of the Project
and
- the exceptional infrastructure of the newly built IntelCentre (Centre of Advanced Research in Bionanoconjugates and Biopolymers), 5 MEuro investition from the Structural Founds

Under the supervision of the ERA Chair the SupraChem Lab Group will unlock and foster the excellent research and innovation in PPIMC IntelCentre and will contribute to increase the European and international visibility of the Institute.

</objective>
  
  
	
	
  
  <title>SupraChem Lab  - Laboratory of Supramolecular Chemistry for Adaptive Delivery Systems - ERA Chair initiative</title>
  
  
	
	
  
  <totalCost>2740625</totalCost>
  
  
	
	
  
  <ecMaxContribution>2465620</ecMaxContribution>
  
  
	
	
  
  <startDate>2015-07-01</startDate>
  
  
	
	
  
  <endDate>2020-07-01</endDate>
  
  
	
	
  
  <contract>
    
    
		
    
    <duration>60</duration>
    
    
	
  
  </contract>
  
  
	
  
  <status>SIGNED</status>
  
  
	
	
  
  <contentCreationDate>2015-06-18 09:49:22</contentCreationDate>
  
  
	
	
  
  <contentUpdateDate>2015-06-18 09:49:22</contentUpdateDate>
  
  
	
	
  
  <lastUpdateDate>2015-06-18 09:49:22</lastUpdateDate>
  
  
	
	
  
  <relations>
    
    
		
    
    <associations>
      
      
			
      
      
			
      
      
			
      
      
			
      
      
		
    
        
				
        
      <programme type="relatedProgramme">
        
          
					
          
        <availableLanguages>en</availableLanguages>
        
          
					
          
        <rcn>664487</rcn>
        
          
					
          
        <code>H2020-EU.4.c.</code>
        
          
					
          
        <pga>H2020-EU.4.c.</pga>
        
          
					
          
        <title>ERA chairs</title>
        
          
					
          
        <parent>
          
            
						
            
          <parent>
            
              
							
              
            <programme>
              
                
								
                
              <rcn>664481</rcn>
              
                
								
                
              <code>H2020-EU.4.</code>
              
                
								
                
              <parent>
                
                  
									
                  
                <parent>
                  
                    
										
                    
                  <programme>
                    
                      
											
                      
                    <rcn>664087</rcn>
                    
                      
											
                      
                    <code>H2020-EC</code>
                    
                      
											
                      
                    <parent>
                      
                        
												
                        
                      <parent>
                        
                          
													
                          
                        <programme>
                          
                            
														
                            
                          <rcn>664086</rcn>
                          
                            
														
                            
                          <code>H2020</code>
                          
                            
													
                          
                        </programme>
                        
                          
												
                        
                      </parent>
                      
                        
											
                      
                    </parent>
                    
                      
										
                    
                  </programme>
                  
                    
									
                  
                </parent>
                
                  
								
                
              </parent>
              
                
							
              
            </programme>
            
              
						
            
          </parent>
          
            
					
          
        </parent>
        
          
				
        
      </programme>
      
        
			
      
        
				
        
      <programme type="relatedSubProgramme">
        
          
					
          
        <availableLanguages>en,any</availableLanguages>
        
          
					
          
        <rcn>664604</rcn>
        
          
					
          
        <code>WIDESPREAD-2-2014</code>
        
          
					
          
        <title>ERA Chairs</title>
        
          
					
          
        <parent>
          
            
						
            
          <parent>
            
              
							
              
            <programme>
              
                
								
                
              <rcn>20200</rcn>
              
                
								
                
              <code>H2020-Topics</code>
              
                
							
              
            </programme>
            
              
						
            
          </parent>
          
            
					
          
        </parent>
        
          
				
        
      </programme>
      
        
			
      
        
				
        
      <call type="relatedCall">
        
          
					
          
        <rcn>240</rcn>
        
          
					
          
        <title>H2020-WIDESPREAD-2014-2</title>
        
          
					
          
        <identifier>H2020-WIDESPREAD-2014-2</identifier>
        
          
				
        
      </call>
      
        
			
      
        
				
        
      <organization order="1" ecContribution="2465620" terminated="false" type="coordinator">
        
          
					
          
        <availableLanguages>en</availableLanguages>
        
          
					
          
        <rcn>2268731</rcn>
        
          
					
          
        <legalName>INSTITUTUL DE CHIMIE MACROMOLECULARA PETRU PONI</legalName>
        
          
					
          
        <shortName>ICMPP</shortName>
        
          
					
          
        <address>
          
            
						
            
          <country>RO</country>
          
            
					
          
        </address>
        
          
					
          
        <relations>
          
            
						
            
          <regions>
            
              
							
              
              
						
            
                
								
                
            <region type="relatedRegion">
              
                  
									
                  
              <rcn>459442728</rcn>
              
                  
									
                  
              <name>Romania</name>
              
                  
									
                  
              <nutsCode>RO</nutsCode>
              
                  
									
                  
              <euCode>RO</euCode>
              
                  
									
                  
              <isoCode>RO</isoCode>
              
                  
									
                  
              <parents>
                
                    
										
                    
                <parents>
                  
                      
											
                      
                  <region>
                    
                        
												
                        
                    <rcn>4</rcn>
                    
                        
												
                        
                    <nutsCode>regionWorld</nutsCode>
                    
                        
												
                        
                    <euCode>regionWorld</euCode>
                    
                        
												
                        
                    <isoCode>regionWorld</isoCode>
                    
                        
											
                      
                  </region>
                  
                      
										
                    
                </parents>
                
                    
										
                    
                <parents>
                  
                      
											
                      
                  <region>
                    
                        
												
                        
                    <rcn>5</rcn>
                    
                        
												
                        
                    <nutsCode>regionEuMemberstate</nutsCode>
                    
                        
												
                        
                    <euCode>regionEuMemberstate</euCode>
                    
                        
												
                        
                    <isoCode>regionEuMemberstate</isoCode>
                    
                        
											
                      
                  </region>
                  
                      
										
                    
                </parents>
                
                    
										
                    
                <parents>
                  
                      
											
                      
                  <region>
                    
                        
												
                        
                    <rcn>6</rcn>
                    
                        
												
                        
                    <nutsCode>regionEuAssociated</nutsCode>
                    
                        
												
                        
                    <euCode>regionEuAssociated</euCode>
                    
                        
												
                        
                    <isoCode>regionEuAssociated</isoCode>
                    
                        
											
                      
                  </region>
                  
                      
										
                    
                </parents>
                
                    
									
                  
              </parents>
              
                  
								
                
            </region>
            
                
							
              
          </regions>
          
            
						
            
          <categories>
            
              
							
              
            <category classification="organizationActivityType" type="relatedOrganizationActivityType">
              
                
								
                
              <code>REC</code>
              
                
								
                
              <title>Research Organisations</title>
              
                
								
                
                
							
              
            </category>
            
              
						
            
          </categories>
          
            
					
          
        </relations>
        
          
				
        
      </organization>
      
        
			
      
    </associations>
    
    
		
    
    <categories>
      
      
			
      
      <category classification="projectFundingSchemeCategory" type="relatedProjectFundingSchemeCategory">
        
        
				
        
        <availableLanguages>en</availableLanguages>
        
        
				
        
        <code>CSA</code>
        
        
				
        
        <title>Coordination &amp; support action</title>
        
        
				
        
        
			
      
      </category>
      
      
		
    
    </categories>
    
    
	
  
  </relations>
  
  
	


</project>

