<?xml version="1.0" encoding="UTF-8"?>
<project xmlns="http://cordis.europa.eu">
  
  
	
	
  
  <language>en</language>
  
  
	
  
  <availableLanguages>en</availableLanguages>
  
  
	
  
  <rcn>195843</rcn>
  
  
	
	
  
  <reference>659764</reference>
  
  
	
	
  
  <acronym>TRANSFORMERS</acronym>
  
  
	
	
  
  <teaser>While we continue to develop alternative and renewable power sources, the capture and sequestration of CO2 from flue gas in fossil fuel power plants and other industrial processes is one viable solution to decrease our CO2 emissions. CO2 can be removed from flue gas by chemica...</teaser>
  
  
	
	
  
  <objective>While we continue to develop alternative and renewable power sources, the capture and sequestration of CO2 from flue gas in fossil fuel power plants and other industrial processes is one viable solution to decrease our CO2 emissions. CO2 can be removed from flue gas by chemical looping, where a material chemically reacts with CO2 and is treated at a later stage to release pure CO2 and regenerate the starting material. Limestone, CaCO3, is the oldest material to be used for this purpose. However, although limestone is abundant and cheap, the CO2 absorption capacity rapidly decays with use because of undesirable changes to the microstructure. 
The proposed work will prepare and investigate novel ternary metal oxide ceramics designed to be mechanically stable after repeated thermal and CO2 cycling. In particular, the proposed work will determine whether similarities in the crystal structures of materials (the atomic scale) before and after a transition will lead to robust microstructures (the micro scale) that will retain functionality – in this case, high porosity and CO2 sorption capacity. The complex crystal structures, rich phase space, and strong bonding networks available in ternary phases to be studied will lead to materials that are less prone to degradation. This evolution will be studied at the atomic level using in situ spectroscopic techniques, and the microstructure evolution will be studied using novel in situ X-ray tomography methods, which allow the 3D visualization of the microstructure in real time as the chemical transformations take place. These new approaches to material design will be immediately relevant to many other scientific fields where chemical transformations and mechanical stability are important, such as battery electrodes, solid oxide fuel cells, solid ion conductors, and catalyst supports, all of which suffer from performance loss over time due to microstructure changes.</objective>
  
  
	
	
  
  <title>Creating transformation-stable microstructures through shared crystallographic motifs</title>
  
  
	
	
  
  <totalCost>183454.8</totalCost>
  
  
	
	
  
  <ecMaxContribution>183454.8</ecMaxContribution>
  
  
	
	
  
  <startDate>2015-05-01</startDate>
  
  
	
	
  
  <endDate>2017-05-01</endDate>
  
  
	
	
  
  <contract>
    
    
		
    
    <duration>24</duration>
    
    
	
  
  </contract>
  
  
	
  
  <status>SIGNED</status>
  
  
	
	
  
  <contentCreationDate>2015-05-05 19:43:55</contentCreationDate>
  
  
	
	
  
  <contentUpdateDate>2015-05-05 19:43:55</contentUpdateDate>
  
  
	
	
  
  <lastUpdateDate>2015-05-05 19:43:55</lastUpdateDate>
  
  
	
	
  
  <relations>
    
    
		
    
    <associations>
      
      
			
      
      
			
      
      
			
      
      
			
      
      
		
    
        
				
        
      <programme type="relatedProgramme">
        
          
					
          
        <availableLanguages>en</availableLanguages>
        
          
					
          
        <rcn>664113</rcn>
        
          
					
          
        <code>H2020-EU.1.3.2.</code>
        
          
					
          
        <pga>H2020-EU.1.3.2.</pga>
        
          
					
          
        <title>Nurturing excellence by means of cross-border and cross-sector mobility</title>
        
          
					
          
        <parent>
          
            
						
            
          <parent>
            
              
							
              
            <programme>
              
                
								
                
              <rcn>664109</rcn>
              
                
								
                
              <code>H2020-EU.1.3.</code>
              
                
								
                
              <parent>
                
                  
									
                  
                <parent>
                  
                    
										
                    
                  <programme>
                    
                      
											
                      
                    <rcn>664091</rcn>
                    
                      
											
                      
                    <code>H2020-EU.1.</code>
                    
                      
											
                      
                    <parent>
                      
                        
												
                        
                      <parent>
                        
                          
													
                          
                        <programme>
                          
                            
														
                            
                          <rcn>664087</rcn>
                          
                            
														
                            
                          <code>H2020-EC</code>
                          
                            
														
                            
                          <parent>
                            
                              
															
                              
                            <parent>
                              
                                
																
                                
                              <programme>
                                
                                  
																	
                                  
                                <rcn>664086</rcn>
                                
                                  
																	
                                  
                                <code>H2020</code>
                                
                                  
																
                                
                              </programme>
                              
                                
															
                              
                            </parent>
                            
                              
														
                            
                          </parent>
                          
                            
													
                          
                        </programme>
                        
                          
												
                        
                      </parent>
                      
                        
											
                      
                    </parent>
                    
                      
										
                    
                  </programme>
                  
                    
									
                  
                </parent>
                
                  
								
                
              </parent>
              
                
							
              
            </programme>
            
              
						
            
          </parent>
          
            
					
          
        </parent>
        
          
				
        
      </programme>
      
        
			
      
        
				
        
      <programme type="relatedSubProgramme">
        
          
					
          
        <availableLanguages>en,any</availableLanguages>
        
          
					
          
        <rcn>664546</rcn>
        
          
					
          
        <code>MSCA-IF-2014-EF</code>
        
          
					
          
        <title>Marie Skłodowska-Curie Individual Fellowships (IF-EF)</title>
        
          
					
          
        <parent>
          
            
						
            
          <parent>
            
              
							
              
            <programme>
              
                
								
                
              <rcn>20200</rcn>
              
                
								
                
              <code>H2020-Topics</code>
              
                
							
              
            </programme>
            
              
						
            
          </parent>
          
            
					
          
        </parent>
        
          
				
        
      </programme>
      
        
			
      
        
				
        
      <call type="relatedCall">
        
          
					
          
        <rcn>183</rcn>
        
          
					
          
        <title>H2020-MSCA-IF-2014</title>
        
          
					
          
        <identifier>H2020-MSCA-IF-2014</identifier>
        
          
				
        
      </call>
      
        
			
      
        
				
        
      <organization ecContribution="183454.8" order="1" terminated="false" type="coordinator">
        
          
					
          
        <availableLanguages>en</availableLanguages>
        
          
					
          
        <rcn>2246672</rcn>
        
          
					
          
        <legalName>THE CHANCELLOR, MASTERS AND SCHOLARS OF THE UNIVERSITY OF CAMBRIDGE</legalName>
        
          
					
          
        <shortName>UCAM</shortName>
        
          
					
          
        <address>
          
            
						
            
          <country>UK</country>
          
            
					
          
        </address>
        
          
					
          
        <relations>
          
            
						
            
          <regions>
            
              
							
              
              
						
            
                
								
                
            <region type="relatedRegion">
              
                  
									
                  
              <rcn>508725800</rcn>
              
                  
									
                  
              <name>United Kingdom</name>
              
                  
									
                  
              <nutsCode>UK</nutsCode>
              
                  
									
                  
              <euCode>UK</euCode>
              
                  
									
                  
              <isoCode>GB</isoCode>
              
                  
									
                  
              <parents>
                
                    
										
                    
                <parents>
                  
                      
											
                      
                  <region>
                    
                        
												
                        
                    <rcn>4</rcn>
                    
                        
												
                        
                    <nutsCode>regionWorld</nutsCode>
                    
                        
												
                        
                    <euCode>regionWorld</euCode>
                    
                        
												
                        
                    <isoCode>regionWorld</isoCode>
                    
                        
											
                      
                  </region>
                  
                      
										
                    
                </parents>
                
                    
										
                    
                <parents>
                  
                      
											
                      
                  <region>
                    
                        
												
                        
                    <rcn>5</rcn>
                    
                        
												
                        
                    <nutsCode>regionEuMemberstate</nutsCode>
                    
                        
												
                        
                    <euCode>regionEuMemberstate</euCode>
                    
                        
												
                        
                    <isoCode>regionEuMemberstate</isoCode>
                    
                        
											
                      
                  </region>
                  
                      
										
                    
                </parents>
                
                    
										
                    
                <parents>
                  
                      
											
                      
                  <region>
                    
                        
												
                        
                    <rcn>6</rcn>
                    
                        
												
                        
                    <nutsCode>regionEuAssociated</nutsCode>
                    
                        
												
                        
                    <euCode>regionEuAssociated</euCode>
                    
                        
												
                        
                    <isoCode>regionEuAssociated</isoCode>
                    
                        
											
                      
                  </region>
                  
                      
										
                    
                </parents>
                
                    
									
                  
              </parents>
              
                  
								
                
            </region>
            
                
							
              
          </regions>
          
            
						
            
          <categories>
            
              
							
              
            <category classification="organizationActivityType" type="relatedOrganizationActivityType">
              
                
								
                
              <code>HES</code>
              
                
								
                
                
							
              
            </category>
            
              
						
            
          </categories>
          
            
					
          
        </relations>
        
          
				
        
      </organization>
      
        
			
      
    </associations>
    
    
		
    
    <categories>
      
      
			
      
      <category classification="projectFundingSchemeCategory" type="relatedProjectFundingSchemeCategory">
        
        
				
        
        <availableLanguages>en</availableLanguages>
        
        
				
        
        <code>MSCA-IF-EF-ST</code>
        
        
				
        
        
			
      
      </category>
      
      
		
    
    </categories>
    
    
	
  
  </relations>
  
  
	


</project>

