<?xml version="1.0" encoding="UTF-8"?>
<project xmlns="http://cordis.europa.eu">
  
  
	
	
  
  <language>en</language>
  
  
	
  
  <availableLanguages>en</availableLanguages>
  
  
	
  
  <rcn>193549</rcn>
  
  
	
	
  
  <reference>637995</reference>
  
  
	
	
  
  <acronym>ProbDynDispEq</acronym>
  
  
	
	
  
  <teaser>Nonlinear dispersive partial differential equations (PDEs) appear ubiquitously as models describing wave phenomena in various branches of physics and engineering. Over the last few decades, multilinear harmonic analysis has played a crucial role in the development of the theor...</teaser>
  
  
	
	
  
  <objective>Nonlinear dispersive partial differential equations (PDEs) appear ubiquitously as models describing wave phenomena in various branches of physics and engineering. Over the last few decades, multilinear harmonic analysis has played a crucial role in the development of the theoretical understanding of the subject. Furthermore, in recent years, a non-deterministic point of view has been incorporated into the study of nonlinear dispersive PDEs, enabling us to study typical behaviour of solutions in a probabilistic manner and go beyond the limit of deterministic analysis.

The main objective of this proposal is to develop novel mathematical ideas and techniques, and make significant progress on some of the central problems related to the nonlinear Schrödinger equations (NLS) and the Korteweg-de Vries equation (KdV) from both the deterministic and probabilistic points of view. In particular, we consider the following long term projects:

1. We will study properties of invariant Gibbs measures for nonlinear Hamiltonian PDEs. One project involves establishing a new connection between the limiting behaviour of the Gibbs measures and the concentration phenomena of finite time blowup solutions. The other project aims to understand the space-time covariance of the Gibbs measures in the weakly nonlinear regime.

2. We will first construct the invariant white noise for the cubic NLS on the circle. Then, we will provide a statistical description of the global-in-time dynamics for the stochastic KdV and stochastic cubic NLS on the circle with additive space-time white noise.

3. We will develop novel analytical techniques and construct the local-in-time dynamics for the cubic NLS on the circle in a low regularity.

4. We will advance the understanding of traveling waves and prove scattering for some energy-critical NLS with non-vanishing boundary conditions.</objective>
  
  
	
	
  
  <title>Probabilistic and Dynamical Study of Nonlinear Dispersive Equations</title>
  
  
	
	
  
  <totalCost>1007811</totalCost>
  
  
	
	
  
  <ecMaxContribution>1007811</ecMaxContribution>
  
  
	
	
  
  <startDate>2015-03-01</startDate>
  
  
	
	
  
  <endDate>2020-03-01</endDate>
  
  
	
	
  
  <contract>
    
    
		
    
    <duration>60</duration>
    
    
	
  
  </contract>
  
  
	
  
  <status>SIGNED</status>
  
  
	
	
  
  <contentCreationDate>2015-05-05 16:27:24</contentCreationDate>
  
  
	
	
  
  <contentUpdateDate>2015-05-05 16:27:24</contentUpdateDate>
  
  
	
	
  
  <lastUpdateDate>2015-05-05 16:27:24</lastUpdateDate>
  
  
	
	
  
  <relations>
    
    
		
    
    <associations>
      
      
			
      
      
			
      
      
			
      
      
			
      
      
		
    
        
				
        
      <programme type="relatedProgramme">
        
          
					
          
        <availableLanguages>en</availableLanguages>
        
          
					
          
        <rcn>664099</rcn>
        
          
					
          
        <code>H2020-EU.1.1.</code>
        
          
					
          
        <pga>H2020-EU.1.1.</pga>
        
          
					
          
        <title>European Research Council</title>
        
          
					
          
        <parent>
          
            
						
            
          <parent>
            
              
							
              
            <programme>
              
                
								
                
              <rcn>664091</rcn>
              
                
								
                
              <code>H2020-EU.1.</code>
              
                
								
                
              <parent>
                
                  
									
                  
                <parent>
                  
                    
										
                    
                  <programme>
                    
                      
											
                      
                    <rcn>664087</rcn>
                    
                      
											
                      
                    <code>H2020-EC</code>
                    
                      
											
                      
                    <parent>
                      
                        
												
                        
                      <parent>
                        
                          
													
                          
                        <programme>
                          
                            
														
                            
                          <rcn>664086</rcn>
                          
                            
														
                            
                          <code>H2020</code>
                          
                            
													
                          
                        </programme>
                        
                          
												
                        
                      </parent>
                      
                        
											
                      
                    </parent>
                    
                      
										
                    
                  </programme>
                  
                    
									
                  
                </parent>
                
                  
								
                
              </parent>
              
                
							
              
            </programme>
            
              
						
            
          </parent>
          
            
					
          
        </parent>
        
          
				
        
      </programme>
      
        
			
      
        
				
        
      <programme type="relatedSubProgramme">
        
          
					
          
        <availableLanguages>en,any</availableLanguages>
        
          
					
          
        <rcn>664783</rcn>
        
          
					
          
        <code>ERC-StG-2014</code>
        
          
					
          
        <title>ERC Starting Grant</title>
        
          
					
          
        <parent>
          
            
						
            
          <parent>
            
              
							
              
            <programme>
              
                
								
                
              <rcn>20200</rcn>
              
                
								
                
              <code>H2020-Topics</code>
              
                
							
              
            </programme>
            
              
						
            
          </parent>
          
            
					
          
        </parent>
        
          
				
        
      </programme>
      
        
			
      
        
				
        
      <call type="relatedCall">
        
          
					
          
        <rcn>408</rcn>
        
          
					
          
        <title>ERC-2014-STG</title>
        
          
					
          
        <identifier>ERC-2014-STG</identifier>
        
          
				
        
      </call>
      
        
			
      
        
				
        
      <organization ecContribution="1007811" order="1" terminated="false" type="coordinator">
        
          
					
          
        <availableLanguages>en</availableLanguages>
        
          
					
          
        <rcn>2236775</rcn>
        
          
					
          
        <legalName>THE UNIVERSITY OF EDINBURGH</legalName>
        
          
					
          
        <shortName>UEDIN</shortName>
        
          
					
          
        <address>
          
            
						
            
          <country>UK</country>
          
            
					
          
        </address>
        
          
					
          
        <relations>
          
            
						
            
          <regions>
            
              
							
              
              
						
            
                
								
                
            <region type="relatedRegion">
              
                  
									
                  
              <rcn>508725800</rcn>
              
                  
									
                  
              <name>United Kingdom</name>
              
                  
									
                  
              <nutsCode>UK</nutsCode>
              
                  
									
                  
              <euCode>UK</euCode>
              
                  
									
                  
              <isoCode>GB</isoCode>
              
                  
									
                  
              <parents>
                
                    
										
                    
                <parents>
                  
                      
											
                      
                  <region>
                    
                        
												
                        
                    <rcn>4</rcn>
                    
                        
												
                        
                    <nutsCode>regionWorld</nutsCode>
                    
                        
												
                        
                    <euCode>regionWorld</euCode>
                    
                        
												
                        
                    <isoCode>regionWorld</isoCode>
                    
                        
											
                      
                  </region>
                  
                      
										
                    
                </parents>
                
                    
										
                    
                <parents>
                  
                      
											
                      
                  <region>
                    
                        
												
                        
                    <rcn>5</rcn>
                    
                        
												
                        
                    <nutsCode>regionEuMemberstate</nutsCode>
                    
                        
												
                        
                    <euCode>regionEuMemberstate</euCode>
                    
                        
												
                        
                    <isoCode>regionEuMemberstate</isoCode>
                    
                        
											
                      
                  </region>
                  
                      
										
                    
                </parents>
                
                    
										
                    
                <parents>
                  
                      
											
                      
                  <region>
                    
                        
												
                        
                    <rcn>6</rcn>
                    
                        
												
                        
                    <nutsCode>regionEuAssociated</nutsCode>
                    
                        
												
                        
                    <euCode>regionEuAssociated</euCode>
                    
                        
												
                        
                    <isoCode>regionEuAssociated</isoCode>
                    
                        
											
                      
                  </region>
                  
                      
										
                    
                </parents>
                
                    
									
                  
              </parents>
              
                  
								
                
            </region>
            
                
							
              
          </regions>
          
            
						
            
          <categories>
            
              
							
              
            <category classification="organizationActivityType" type="relatedOrganizationActivityType">
              
                
								
                
              <code>HES</code>
              
                
								
                
                
							
              
            </category>
            
              
						
            
          </categories>
          
            
					
          
        </relations>
        
          
				
        
      </organization>
      
        
			
      
    </associations>
    
    
		
    
    <categories>
      
      
			
      
      <category classification="projectFundingSchemeCategory" type="relatedProjectFundingSchemeCategory">
        
        
				
        
        <availableLanguages>en</availableLanguages>
        
        
				
        
        <code>ERC-STG</code>
        
        
				
        
        
			
      
      </category>
      
      
		
    
    </categories>
    
    
	
  
  </relations>
  
  
	


</project>

