<?xml version="1.0" encoding="UTF-8"?>
<project xmlns="http://cordis.europa.eu">
  
  
	
	
  
  <language>en</language>
  
  
	
  
  <availableLanguages>en</availableLanguages>
  
  
	
  
  <rcn>197529</rcn>
  
  
	
	
  
  <reference>669504</reference>
  
  
	
	
  
  <acronym>ULTRASUPERTAPE</acronym>
  
  
	
	
  
  <teaser>ULTRASUPERTAPE aims to demonstrate an unprecedented approach for fabrication of low cost / high throughput / high performance High Temperature Superconducting (HTS) tapes, or Coated Conductors, to push the emerging HTS industry to market. The breakthrough idea is the use of Tr...</teaser>
  
  
	
	
  
  <objective>ULTRASUPERTAPE aims to demonstrate an unprecedented approach for fabrication of low cost / high throughput / high performance High Temperature Superconducting (HTS) tapes, or Coated Conductors, to push the emerging HTS industry to market. The breakthrough idea is the use of Transient Liquid Assisted Growth from low cost Chemical Solution Deposition of Y, Ba, Cu metallorganic precursors to reach ultrafast growth rates. The key concept relies on the discovery of a tool to control the ignition effect of the transient liquid formation through the decomposition of barium carbonate even for thick films. The capability to modulate the transient liquid state with composition variations and low cost capital investment equipment enriches its potentiality. Innovative Additive Manufacturing and Digital Printing methodologies are identified to devise an integrated system able to address the full manufacturing process from solution deposition by ink jet printing to ultrafast epitaxial crystallization of the superconducting phase. A combinatorial chemistry strategy ensures fast screening operation. Furthermore, ULTRASUPERTAPE will boost Coated Conductor performances up to outstanding limits at high and ultrahigh fields, by smartly designing and engineering the local strain and electronic state properties of nanocomposite superconducting films. The digital-printing additive-manufacturing approach developed will be cleverly adapted to create unique superconducting nanocomposites from nanoparticle colloids with unlimited concentrations. This new instrument is foreseen to be transferable to many other functional applications of advanced nanocoatings, where long length or large area production of functional epitaxial films or multilayer structures are required. Consequently, wise ideas and technology emerged from this proposal are foreseen to penetrate the new energy paradigm beyond the clean, efficient and smart limits that Superconductivity offers.</objective>
  
  
	
	
  
  <title>ULTRAfast growth of ultrahigh performance SUPERconducting TAPEs</title>
  
  
	
	
  
  <totalCost>2496652</totalCost>
  
  
	
	
  
  <ecMaxContribution>2496652</ecMaxContribution>
  
  
	
	
  
  <startDate>2015-12-01</startDate>
  
  
	
	
  
  <endDate>2020-12-01</endDate>
  
  
	
	
  
  <contract>
    
    
		
    
    <duration>60</duration>
    
    
	
  
  </contract>
  
  
	
  
  <status>SIGNED</status>
  
  
	
	
  
  <contentCreationDate>2015-06-26 10:38:01</contentCreationDate>
  
  
	
	
  
  <contentUpdateDate>2015-06-26 10:38:01</contentUpdateDate>
  
  
	
	
  
  <lastUpdateDate>2015-06-26 10:38:01</lastUpdateDate>
  
  
	
	
  
  <relations>
    
    
		
    
    <associations>
      
      
			
      
      
			
      
      
			
      
      
			
      
      
		
    
        
				
        
      <programme type="relatedProgramme">
        
          
					
          
        <availableLanguages>en</availableLanguages>
        
          
					
          
        <rcn>664099</rcn>
        
          
					
          
        <code>H2020-EU.1.1.</code>
        
          
					
          
        <pga>H2020-EU.1.1.</pga>
        
          
					
          
        <title>European Research Council</title>
        
          
					
          
        <parent>
          
            
						
            
          <parent>
            
              
							
              
            <programme>
              
                
								
                
              <rcn>664091</rcn>
              
                
								
                
              <code>H2020-EU.1.</code>
              
                
								
                
              <parent>
                
                  
									
                  
                <parent>
                  
                    
										
                    
                  <programme>
                    
                      
											
                      
                    <rcn>664087</rcn>
                    
                      
											
                      
                    <code>H2020-EC</code>
                    
                      
											
                      
                    <parent>
                      
                        
												
                        
                      <parent>
                        
                          
													
                          
                        <programme>
                          
                            
														
                            
                          <rcn>664086</rcn>
                          
                            
														
                            
                          <code>H2020</code>
                          
                            
													
                          
                        </programme>
                        
                          
												
                        
                      </parent>
                      
                        
											
                      
                    </parent>
                    
                      
										
                    
                  </programme>
                  
                    
									
                  
                </parent>
                
                  
								
                
              </parent>
              
                
							
              
            </programme>
            
              
						
            
          </parent>
          
            
					
          
        </parent>
        
          
				
        
      </programme>
      
        
			
      
        
				
        
      <programme type="relatedSubProgramme">
        
          
					
          
        <availableLanguages>en,any</availableLanguages>
        
          
					
          
        <rcn>665295</rcn>
        
          
					
          
        <code>ERC-ADG-2014</code>
        
          
					
          
        <title>ERC Advanced Grant</title>
        
          
					
          
        <parent>
          
            
						
            
          <parent>
            
              
							
              
            <programme>
              
                
								
                
              <rcn>20200</rcn>
              
                
								
                
              <code>H2020-Topics</code>
              
                
							
              
            </programme>
            
              
						
            
          </parent>
          
            
					
          
        </parent>
        
          
				
        
      </programme>
      
        
			
      
        
				
        
      <call type="relatedCall">
        
          
					
          
        <rcn>903</rcn>
        
          
					
          
        <title>ERC-2014-ADG</title>
        
          
					
          
        <identifier>ERC-2014-ADG</identifier>
        
          
				
        
      </call>
      
        
			
      
        
				
        
      <organization order="1" ecContribution="2496652" terminated="false" type="coordinator">
        
          
					
          
        <availableLanguages>en</availableLanguages>
        
          
					
          
        <rcn>2269844</rcn>
        
          
					
          
        <legalName>AGENCIA ESTATAL CONSEJO SUPERIOR DE INVESTIGACIONES CIENTIFICAS</legalName>
        
          
					
          
        <shortName>CSIC</shortName>
        
          
					
          
        <address>
          
            
						
            
          <country>ES</country>
          
            
					
          
        </address>
        
          
					
          
        <relations>
          
            
						
            
          <regions>
            
              
							
              
              
						
            
                
								
                
            <region type="relatedRegion">
              
                  
									
                  
              <rcn>242387496</rcn>
              
                  
									
                  
              <name>Spain</name>
              
                  
									
                  
              <nutsCode>ES</nutsCode>
              
                  
									
                  
              <euCode>ES</euCode>
              
                  
									
                  
              <isoCode>ES</isoCode>
              
                  
									
                  
              <parents>
                
                    
										
                    
                <parents>
                  
                      
											
                      
                  <region>
                    
                        
												
                        
                    <rcn>4</rcn>
                    
                        
												
                        
                    <nutsCode>regionWorld</nutsCode>
                    
                        
												
                        
                    <euCode>regionWorld</euCode>
                    
                        
												
                        
                    <isoCode>regionWorld</isoCode>
                    
                        
											
                      
                  </region>
                  
                      
										
                    
                </parents>
                
                    
										
                    
                <parents>
                  
                      
											
                      
                  <region>
                    
                        
												
                        
                    <rcn>5</rcn>
                    
                        
												
                        
                    <nutsCode>regionEuMemberstate</nutsCode>
                    
                        
												
                        
                    <euCode>regionEuMemberstate</euCode>
                    
                        
												
                        
                    <isoCode>regionEuMemberstate</isoCode>
                    
                        
											
                      
                  </region>
                  
                      
										
                    
                </parents>
                
                    
										
                    
                <parents>
                  
                      
											
                      
                  <region>
                    
                        
												
                        
                    <rcn>6</rcn>
                    
                        
												
                        
                    <nutsCode>regionEuAssociated</nutsCode>
                    
                        
												
                        
                    <euCode>regionEuAssociated</euCode>
                    
                        
												
                        
                    <isoCode>regionEuAssociated</isoCode>
                    
                        
											
                      
                  </region>
                  
                      
										
                    
                </parents>
                
                    
									
                  
              </parents>
              
                  
								
                
            </region>
            
                
							
              
          </regions>
          
            
						
            
          <categories>
            
              
							
              
            <category classification="organizationActivityType" type="relatedOrganizationActivityType">
              
                
								
                
              <code>REC</code>
              
                
								
                
              <title>Research Organisations</title>
              
                
								
                
                
							
              
            </category>
            
              
						
            
          </categories>
          
            
					
          
        </relations>
        
          
				
        
      </organization>
      
        
			
      
    </associations>
    
    
		
    
    <categories>
      
      
			
      
      <category classification="projectFundingSchemeCategory" type="relatedProjectFundingSchemeCategory">
        
        
				
        
        <availableLanguages>en</availableLanguages>
        
        
				
        
        <code>ERC-ADG</code>
        
        
				
        
        
			
      
      </category>
      
      
		
    
    </categories>
    
    
	
  
  </relations>
  
  
	


</project>

