<?xml version="1.0" encoding="UTF-8"?>
<project xmlns="http://cordis.europa.eu">
  
  
	
	
  
  <language>en</language>
  
  
	
  
  <availableLanguages>en</availableLanguages>
  
  
	
  
  <rcn>196848</rcn>
  
  
	
	
  
  <reference>647320</reference>
  
  
	
	
  
  <acronym>Enhancer ID</acronym>
  
  
	
	
  
  <teaser>A major goal in biology is to understand how gene regulatory information is encoded by the human genome and how it defines different gene expression programs and cell types. Enhancers are genomic elements that control transcription, yet despite their importance, only a minorit...</teaser>
  
  
	
	
  
  <objective>A major goal in biology is to understand how gene regulatory information is encoded by the human genome and how it defines different gene expression programs and cell types. Enhancers are genomic elements that control transcription, yet despite their importance, only a minority of enhancers are known and functionally characterized. In particular, their activity changes during cellular signalling or cell type transitions are largely elusive. Furthermore, fundamental questions about transcriptional co-factors have remained unanswered even though they regulate enhancer activities and have become attractive therapeutic targets, e.g. for cancer treatment.

Here, I propose a functional genomics approach in mammalian cells with three specific objectives: First, we will identify and functionally characterize transcriptional enhancers in selected human and mouse cells using the recently developed quantitative enhancer activity assay STARR-seq. Second, we will determine enhancer activity changes quantitatively during steroid hormone signalling, cell differentiation, and malignant transformation to reveal enhancers that are important for these processes. Third, we will systematically dissect the functional relationship of enhancers and transcriptional co-factors.

This proposal uses emerging in-house technology to address fundamental questions in enhancer biology and complement the genome-wide profiling of gene expression and chromatin states (e.g. by ENCODE). We will gain insights into the genomic organization of active enhancers and reveal chromatin or sequence features associated with dynamic activity changes. I also expect that we will be able to define co-factor requirements for enhancer function and reveal if different types of enhancers exist. Given our expertise in experimental and computational approaches and STARR-seq, I anticipate that we reach our aims and make major contributions to the understanding of gene regulation in mammals.</objective>
  
  
	
	
  
  <title>Identification and functional characterization of mammalian enhancers and transcriptional co-factors during cellular signaling and cell fate transitions</title>
  
  
	
	
  
  <totalCost>1999906</totalCost>
  
  
	
	
  
  <ecMaxContribution>1999906</ecMaxContribution>
  
  
	
	
  
  <startDate>2015-09-01</startDate>
  
  
	
	
  
  <endDate>2020-09-01</endDate>
  
  
	
	
  
  <contract>
    
    
		
    
    <duration>60</duration>
    
    
	
  
  </contract>
  
  
	
  
  <status>SIGNED</status>
  
  
	
	
  
  <contentCreationDate>2015-06-02 10:40:10</contentCreationDate>
  
  
	
	
  
  <contentUpdateDate>2015-06-02 10:40:10</contentUpdateDate>
  
  
	
	
  
  <lastUpdateDate>2015-06-02 10:40:10</lastUpdateDate>
  
  
	
	
  
  <relations>
    
    
		
    
    <associations>
      
      
			
      
      
			
      
      
			
      
      
			
      
      
		
    
        
				
        
      <programme type="relatedProgramme">
        
          
					
          
        <availableLanguages>en</availableLanguages>
        
          
					
          
        <rcn>664099</rcn>
        
          
					
          
        <code>H2020-EU.1.1.</code>
        
          
					
          
        <pga>H2020-EU.1.1.</pga>
        
          
					
          
        <title>European Research Council</title>
        
          
					
          
        <parent>
          
            
						
            
          <parent>
            
              
							
              
            <programme>
              
                
								
                
              <rcn>664091</rcn>
              
                
								
                
              <code>H2020-EU.1.</code>
              
                
								
                
              <parent>
                
                  
									
                  
                <parent>
                  
                    
										
                    
                  <programme>
                    
                      
											
                      
                    <rcn>664087</rcn>
                    
                      
											
                      
                    <code>H2020-EC</code>
                    
                      
											
                      
                    <parent>
                      
                        
												
                        
                      <parent>
                        
                          
													
                          
                        <programme>
                          
                            
														
                            
                          <rcn>664086</rcn>
                          
                            
														
                            
                          <code>H2020</code>
                          
                            
													
                          
                        </programme>
                        
                          
												
                        
                      </parent>
                      
                        
											
                      
                    </parent>
                    
                      
										
                    
                  </programme>
                  
                    
									
                  
                </parent>
                
                  
								
                
              </parent>
              
                
							
              
            </programme>
            
              
						
            
          </parent>
          
            
					
          
        </parent>
        
          
				
        
      </programme>
      
        
			
      
        
				
        
      <programme type="relatedSubProgramme">
        
          
					
          
        <availableLanguages>en,any</availableLanguages>
        
          
					
          
        <rcn>664784</rcn>
        
          
					
          
        <code>ERC-CoG-2014</code>
        
          
					
          
        <title>ERC Consolidator Grant</title>
        
          
					
          
        <parent>
          
            
						
            
          <parent>
            
              
							
              
            <programme>
              
                
								
                
              <rcn>20200</rcn>
              
                
								
                
              <code>H2020-Topics</code>
              
                
							
              
            </programme>
            
              
						
            
          </parent>
          
            
					
          
        </parent>
        
          
				
        
      </programme>
      
        
			
      
        
				
        
      <call type="relatedCall">
        
          
					
          
        <rcn>409</rcn>
        
          
					
          
        <title>ERC-2014-CoG</title>
        
          
					
          
        <identifier>ERC-2014-CoG</identifier>
        
          
				
        
      </call>
      
        
			
      
        
				
        
      <organization order="1" ecContribution="1999906" terminated="false" type="coordinator">
        
          
					
          
        <availableLanguages>en</availableLanguages>
        
          
					
          
        <rcn>2264781</rcn>
        
          
					
          
        <legalName>FORSCHUNGSINSTITUT FUER MOLEKULARE PATHOLOGIE Ges.m.b.H</legalName>
        
          
					
          
        <shortName>IMP</shortName>
        
          
					
          
        <address>
          
            
						
            
          <country>AT</country>
          
            
					
          
        </address>
        
          
					
          
        <relations>
          
            
						
            
          <regions>
            
              
							
              
              
						
            
                
								
                
            <region type="relatedRegion">
              
                  
									
                  
              <rcn>175540776</rcn>
              
                  
									
                  
              <name>Austria</name>
              
                  
									
                  
              <nutsCode>AT</nutsCode>
              
                  
									
                  
              <euCode>AT</euCode>
              
                  
									
                  
              <isoCode>AT</isoCode>
              
                  
									
                  
              <parents>
                
                    
										
                    
                <parents>
                  
                      
											
                      
                  <region>
                    
                        
												
                        
                    <rcn>4</rcn>
                    
                        
												
                        
                    <nutsCode>regionWorld</nutsCode>
                    
                        
												
                        
                    <euCode>regionWorld</euCode>
                    
                        
												
                        
                    <isoCode>regionWorld</isoCode>
                    
                        
											
                      
                  </region>
                  
                      
										
                    
                </parents>
                
                    
										
                    
                <parents>
                  
                      
											
                      
                  <region>
                    
                        
												
                        
                    <rcn>5</rcn>
                    
                        
												
                        
                    <nutsCode>regionEuMemberstate</nutsCode>
                    
                        
												
                        
                    <euCode>regionEuMemberstate</euCode>
                    
                        
												
                        
                    <isoCode>regionEuMemberstate</isoCode>
                    
                        
											
                      
                  </region>
                  
                      
										
                    
                </parents>
                
                    
										
                    
                <parents>
                  
                      
											
                      
                  <region>
                    
                        
												
                        
                    <rcn>6</rcn>
                    
                        
												
                        
                    <nutsCode>regionEuAssociated</nutsCode>
                    
                        
												
                        
                    <euCode>regionEuAssociated</euCode>
                    
                        
												
                        
                    <isoCode>regionEuAssociated</isoCode>
                    
                        
											
                      
                  </region>
                  
                      
										
                    
                </parents>
                
                    
									
                  
              </parents>
              
                  
								
                
            </region>
            
                
							
              
          </regions>
          
            
						
            
          <categories>
            
              
							
              
            <category classification="organizationActivityType" type="relatedOrganizationActivityType">
              
                
								
                
              <code>PRC</code>
              
                
								
                
                
							
              
            </category>
            
              
						
            
          </categories>
          
            
					
          
        </relations>
        
          
				
        
      </organization>
      
        
			
      
    </associations>
    
    
		
    
    <categories>
      
      
			
      
      <category classification="projectFundingSchemeCategory" type="relatedProjectFundingSchemeCategory">
        
        
				
        
        <availableLanguages>en</availableLanguages>
        
        
				
        
        <code>ERC-COG</code>
        
        
				
        
        <title>Consolidator Grant</title>
        
        
				
        
        
			
      
      </category>
      
      
		
    
    </categories>
    
    
	
  
  </relations>
  
  
	


</project>

