<?xml version="1.0" encoding="UTF-8"?>
<project xmlns="http://cordis.europa.eu">
  
  
	
	
  
  <language>en</language>
  
  
	
  
  <availableLanguages>en</availableLanguages>
  
  
	
  
  <rcn>193369</rcn>
  
  
	
	
  
  <reference>636053</reference>
  
  
	
	
  
  <acronym>AEROGUST</acronym>
  
  
	
	
  
  <teaser>Encounters with atmospheric turbulence are a vitally important in the design and certification of many manmade structures such as aircraft and wind turbines. Gusts cause rapid changes in the flow about the structures which leads to rigid and flexible unsteady responses. Knowle...</teaser>
  
  
	
	
  
  <objective>Encounters with atmospheric turbulence are a vitally important in the design and certification of many manmade structures such as aircraft and wind turbines. Gusts cause rapid changes in the flow about the structures which leads to rigid and flexible unsteady responses. Knowledge of aircraft/gust interactions is therefore vital for loads estimation during aircraft design as it impacts on control systems and often defines the maximum loads that these structures will experience in service.  At present industry typically uses the linear doublet lattice method with static loads corrections from expensive wind tunnel data. The wind tunnel data is created using the final aerodynamic surface in the predicted cruise shape. This means that gust loads come relatively late when the design options have been narrowed. Increased competition and environmental concerns are likely to lead to the adoption of more flexible materials and the consideration of novel configurations, in which case the linear assumptions of the current gust loads process will become unacceptable.  To introduce non-linearity into the gust loads process without significantly increasing the cost and time, this project has three main objectives: to carry out investigations using CFD so that the non-linearities in gust interactions are understood; to create a gust loads process that does not require wind tunnel data and hence reduces the need for wind tunnel testing; to develop updated reduced order models for gust prediction that account for non-linearity at an acceptable cost. These investigations will reduce the need for expensive wind tunnel testing and hence lead to time and cost savings at the design stage therefore ensuring that the European aerospace and defence industry remain competitive in the future. The wind turbine industry has similar concerns, with gusts and wind shear restricting the locations available for wind farms.  The project will also address these issues using common methodology.</objective>
  
  
	
	
  
  <title>Aeroelastic Gust Modelling</title>
  
  
	
	
  
  <totalCost>4289986.25</totalCost>
  
  
	
	
  
  <ecMaxContribution>4237652</ecMaxContribution>
  
  
	
	
  
  <startDate>2015-05-01</startDate>
  
  
	
	
  
  <endDate>2018-05-01</endDate>
  
  
	
	
  
  <contract>
    
    
		
    
    <duration>36</duration>
    
    
	
  
  </contract>
  
  
	
  
  <status>SIGNED</status>
  
  
	
	
  
  <contentCreationDate>2015-05-05 16:12:00</contentCreationDate>
  
  
	
	
  
  <contentUpdateDate>2015-06-02 10:16:40</contentUpdateDate>
  
  
	
	
  
  <lastUpdateDate>2015-06-02 10:16:40</lastUpdateDate>
  
  
	
	
  
  <relations>
    
    
		
    
    <associations>
      
      
			
      
      
			
      
      
			
      
      
			
      
      
			
      
      
			
      
      
			
      
      
			
      
      
			
      
      
			
      
      
			
      
      
			
      
      
			
      
      
			
      
      
			
      
      
		
    
        
				
        
      <programme type="relatedProgramme">
        
          
					
          
        <availableLanguages>en</availableLanguages>
        
          
					
          
        <rcn>664357</rcn>
        
          
					
          
        <code>H2020-EU.3.4.</code>
        
          
					
          
        <pga>H2020-EU.3.4.</pga>
        
          
					
          
        <title>Smart, green and integrated transport</title>
        
          
					
          
        <parent>
          
            
						
            
          <parent>
            
              
							
              
            <programme>
              
                
								
                
              <rcn>664235</rcn>
              
                
								
                
              <code>H2020-EU.3.</code>
              
                
								
                
              <parent>
                
                  
									
                  
                <parent>
                  
                    
										
                    
                  <programme>
                    
                      
											
                      
                    <rcn>664087</rcn>
                    
                      
											
                      
                    <code>H2020-EC</code>
                    
                      
											
                      
                    <parent>
                      
                        
												
                        
                      <parent>
                        
                          
													
                          
                        <programme>
                          
                            
														
                            
                          <rcn>664086</rcn>
                          
                            
														
                            
                          <code>H2020</code>
                          
                            
													
                          
                        </programme>
                        
                          
												
                        
                      </parent>
                      
                        
											
                      
                    </parent>
                    
                      
										
                    
                  </programme>
                  
                    
									
                  
                </parent>
                
                  
								
                
              </parent>
              
                
							
              
            </programme>
            
              
						
            
          </parent>
          
            
					
          
        </parent>
        
          
				
        
      </programme>
      
        
			
      
        
				
        
      <programme type="relatedSubProgramme">
        
          
					
          
        <availableLanguages>en,any</availableLanguages>
        
          
					
          
        <rcn>664883</rcn>
        
          
					
          
        <code>MG-1.1-2014</code>
        
          
					
          
        <title>Competitiveness of European Aviation through cost efficiency and innovation</title>
        
          
					
          
        <parent>
          
            
						
            
          <parent>
            
              
							
              
            <programme>
              
                
								
                
              <rcn>20200</rcn>
              
                
								
                
              <code>H2020-Topics</code>
              
                
							
              
            </programme>
            
              
						
            
          </parent>
          
            
					
          
        </parent>
        
          
				
        
      </programme>
      
        
			
      
        
				
        
      <call type="relatedCall">
        
          
					
          
        <rcn>501</rcn>
        
          
					
          
        <title>H2020-MG-2014_TwoStages</title>
        
          
					
          
        <identifier>H2020-MG-2014_TwoStages</identifier>
        
          
				
        
      </call>
      
        
			
      
        
				
        
      <organization order="1" ecContribution="827425" terminated="false" type="coordinator">
        
          
					
          
        <availableLanguages>en</availableLanguages>
        
          
					
          
        <rcn>2262803</rcn>
        
          
					
          
        <legalName>UNIVERSITY OF BRISTOL</legalName>
        
          
					
          
        <shortName>UNIVERSITY OF BRISTOL</shortName>
        
          
					
          
        <address>
          
            
						
            
          <country>UK</country>
          
            
					
          
        </address>
        
          
					
          
        <relations>
          
            
						
            
          <regions>
            
              
							
              
              
						
            
                
								
                
            <region type="relatedRegion">
              
                  
									
                  
              <rcn>508725800</rcn>
              
                  
									
                  
              <name>United Kingdom</name>
              
                  
									
                  
              <nutsCode>UK</nutsCode>
              
                  
									
                  
              <euCode>UK</euCode>
              
                  
									
                  
              <isoCode>GB</isoCode>
              
                  
									
                  
              <parents>
                
                    
										
                    
                <parents>
                  
                      
											
                      
                  <region>
                    
                        
												
                        
                    <rcn>4</rcn>
                    
                        
												
                        
                    <nutsCode>regionWorld</nutsCode>
                    
                        
												
                        
                    <euCode>regionWorld</euCode>
                    
                        
												
                        
                    <isoCode>regionWorld</isoCode>
                    
                        
											
                      
                  </region>
                  
                      
										
                    
                </parents>
                
                    
										
                    
                <parents>
                  
                      
											
                      
                  <region>
                    
                        
												
                        
                    <rcn>5</rcn>
                    
                        
												
                        
                    <nutsCode>regionEuMemberstate</nutsCode>
                    
                        
												
                        
                    <euCode>regionEuMemberstate</euCode>
                    
                        
												
                        
                    <isoCode>regionEuMemberstate</isoCode>
                    
                        
											
                      
                  </region>
                  
                      
										
                    
                </parents>
                
                    
										
                    
                <parents>
                  
                      
											
                      
                  <region>
                    
                        
												
                        
                    <rcn>6</rcn>
                    
                        
												
                        
                    <nutsCode>regionEuAssociated</nutsCode>
                    
                        
												
                        
                    <euCode>regionEuAssociated</euCode>
                    
                        
												
                        
                    <isoCode>regionEuAssociated</isoCode>
                    
                        
											
                      
                  </region>
                  
                      
										
                    
                </parents>
                
                    
									
                  
              </parents>
              
                  
								
                
            </region>
            
                
							
              
          </regions>
          
            
						
            
          <categories>
            
              
							
              
            <category classification="organizationActivityType" type="relatedOrganizationActivityType">
              
                
								
                
              <code>HES</code>
              
                
								
                
                
							
              
            </category>
            
              
						
            
          </categories>
          
            
					
          
        </relations>
        
          
				
        
      </organization>
      
        
			
      
        
				
        
      <organization order="3" ecContribution="341550" terminated="false" type="participant">
        
          
					
          
        <availableLanguages>en</availableLanguages>
        
          
					
          
        <rcn>2262805</rcn>
        
          
					
          
        <legalName>STICHTING NATIONAAL LUCHT- EN RUIMTEVAARTLABORATORIUM</legalName>
        
          
					
          
        <shortName>NLR</shortName>
        
          
					
          
        <address>
          
            
						
            
          <country>NL</country>
          
            
					
          
        </address>
        
          
					
          
        <relations>
          
            
						
            
          <regions>
            
              
							
              
              
						
            
                
								
                
            <region type="relatedRegion">
              
                  
									
                  
              <rcn>391547432</rcn>
              
                  
									
                  
              <name>Netherlands</name>
              
                  
									
                  
              <nutsCode>NL</nutsCode>
              
                  
									
                  
              <euCode>NL</euCode>
              
                  
									
                  
              <isoCode>NL</isoCode>
              
                  
									
                  
              <parents>
                
                    
										
                    
                <parents>
                  
                      
											
                      
                  <region>
                    
                        
												
                        
                    <rcn>4</rcn>
                    
                        
												
                        
                    <nutsCode>regionWorld</nutsCode>
                    
                        
												
                        
                    <euCode>regionWorld</euCode>
                    
                        
												
                        
                    <isoCode>regionWorld</isoCode>
                    
                        
											
                      
                  </region>
                  
                      
										
                    
                </parents>
                
                    
										
                    
                <parents>
                  
                      
											
                      
                  <region>
                    
                        
												
                        
                    <rcn>5</rcn>
                    
                        
												
                        
                    <nutsCode>regionEuMemberstate</nutsCode>
                    
                        
												
                        
                    <euCode>regionEuMemberstate</euCode>
                    
                        
												
                        
                    <isoCode>regionEuMemberstate</isoCode>
                    
                        
											
                      
                  </region>
                  
                      
										
                    
                </parents>
                
                    
										
                    
                <parents>
                  
                      
											
                      
                  <region>
                    
                        
												
                        
                    <rcn>6</rcn>
                    
                        
												
                        
                    <nutsCode>regionEuAssociated</nutsCode>
                    
                        
												
                        
                    <euCode>regionEuAssociated</euCode>
                    
                        
												
                        
                    <isoCode>regionEuAssociated</isoCode>
                    
                        
											
                      
                  </region>
                  
                      
										
                    
                </parents>
                
                    
									
                  
              </parents>
              
                  
								
                
            </region>
            
                
							
              
          </regions>
          
            
						
            
          <categories>
            
              
							
              
            <category classification="organizationActivityType" type="relatedOrganizationActivityType">
              
                
								
                
              <code>REC</code>
              
                
								
                
                
							
              
            </category>
            
              
						
            
          </categories>
          
            
					
          
        </relations>
        
          
				
        
      </organization>
      
        
			
      
        
				
        
      <organization order="11" ecContribution="219375" terminated="false" type="participant">
        
          
					
          
        <availableLanguages>en</availableLanguages>
        
          
					
          
        <rcn>2262813</rcn>
        
          
					
          
        <legalName>PIAGGIO AERO INDUSTRIES SPA</legalName>
        
          
					
          
        <shortName>PIAGGIO AERO INDUSTRIES SPA</shortName>
        
          
					
          
        <address>
          
            
						
            
          <country>IT</country>
          
            
					
          
        </address>
        
          
					
          
        <relations>
          
            
						
            
          <regions>
            
              
							
              
              
						
            
                
								
                
            <region type="relatedRegion">
              
                  
									
                  
              <rcn>309758504</rcn>
              
                  
									
                  
              <name>Italy</name>
              
                  
									
                  
              <nutsCode>IT</nutsCode>
              
                  
									
                  
              <euCode>IT</euCode>
              
                  
									
                  
              <isoCode>IT</isoCode>
              
                  
									
                  
              <parents>
                
                    
										
                    
                <parents>
                  
                      
											
                      
                  <region>
                    
                        
												
                        
                    <rcn>4</rcn>
                    
                        
												
                        
                    <nutsCode>regionWorld</nutsCode>
                    
                        
												
                        
                    <euCode>regionWorld</euCode>
                    
                        
												
                        
                    <isoCode>regionWorld</isoCode>
                    
                        
											
                      
                  </region>
                  
                      
										
                    
                </parents>
                
                    
										
                    
                <parents>
                  
                      
											
                      
                  <region>
                    
                        
												
                        
                    <rcn>5</rcn>
                    
                        
												
                        
                    <nutsCode>regionEuMemberstate</nutsCode>
                    
                        
												
                        
                    <euCode>regionEuMemberstate</euCode>
                    
                        
												
                        
                    <isoCode>regionEuMemberstate</isoCode>
                    
                        
											
                      
                  </region>
                  
                      
										
                    
                </parents>
                
                    
										
                    
                <parents>
                  
                      
											
                      
                  <region>
                    
                        
												
                        
                    <rcn>6</rcn>
                    
                        
												
                        
                    <nutsCode>regionEuAssociated</nutsCode>
                    
                        
												
                        
                    <euCode>regionEuAssociated</euCode>
                    
                        
												
                        
                    <isoCode>regionEuAssociated</isoCode>
                    
                        
											
                      
                  </region>
                  
                      
										
                    
                </parents>
                
                    
									
                  
              </parents>
              
                  
								
                
            </region>
            
                
							
              
          </regions>
          
            
						
            
          <categories>
            
              
							
              
            <category classification="organizationActivityType" type="relatedOrganizationActivityType">
              
                
								
                
              <code>PRC</code>
              
                
								
                
                
							
              
            </category>
            
              
						
            
          </categories>
          
            
					
          
        </relations>
        
          
				
        
      </organization>
      
        
			
      
        
				
        
      <organization order="12" ecContribution="318750" terminated="false" type="participant">
        
          
					
          
        <availableLanguages>en</availableLanguages>
        
          
					
          
        <rcn>2262814</rcn>
        
          
					
          
        <legalName>VALEOL SAS</legalName>
        
          
					
          
        <shortName>VALEOL SAS</shortName>
        
          
					
          
        <address>
          
            
						
            
          <country>FR</country>
          
            
					
          
        </address>
        
          
					
          
        <relations>
          
            
						
            
          <regions>
            
              
							
              
              
						
            
                
								
                
            <region type="relatedRegion">
              
                  
									
                  
              <rcn>258902568</rcn>
              
                  
									
                  
              <name>France</name>
              
                  
									
                  
              <nutsCode>FR</nutsCode>
              
                  
									
                  
              <euCode>FR</euCode>
              
                  
									
                  
              <isoCode>FR</isoCode>
              
                  
									
                  
              <parents>
                
                    
										
                    
                <parents>
                  
                      
											
                      
                  <region>
                    
                        
												
                        
                    <rcn>4</rcn>
                    
                        
												
                        
                    <nutsCode>regionWorld</nutsCode>
                    
                        
												
                        
                    <euCode>regionWorld</euCode>
                    
                        
												
                        
                    <isoCode>regionWorld</isoCode>
                    
                        
											
                      
                  </region>
                  
                      
										
                    
                </parents>
                
                    
										
                    
                <parents>
                  
                      
											
                      
                  <region>
                    
                        
												
                        
                    <rcn>5</rcn>
                    
                        
												
                        
                    <nutsCode>regionEuMemberstate</nutsCode>
                    
                        
												
                        
                    <euCode>regionEuMemberstate</euCode>
                    
                        
												
                        
                    <isoCode>regionEuMemberstate</isoCode>
                    
                        
											
                      
                  </region>
                  
                      
										
                    
                </parents>
                
                    
										
                    
                <parents>
                  
                      
											
                      
                  <region>
                    
                        
												
                        
                    <rcn>6</rcn>
                    
                        
												
                        
                    <nutsCode>regionEuAssociated</nutsCode>
                    
                        
												
                        
                    <euCode>regionEuAssociated</euCode>
                    
                        
												
                        
                    <isoCode>regionEuAssociated</isoCode>
                    
                        
											
                      
                  </region>
                  
                      
										
                    
                </parents>
                
                    
									
                  
              </parents>
              
                  
								
                
            </region>
            
                
							
              
          </regions>
          
            
						
            
          <categories>
            
              
							
              
            <category classification="organizationActivityType" type="relatedOrganizationActivityType">
              
                
								
                
              <code>PRC</code>
              
                
								
                
                
							
              
            </category>
            
              
						
            
          </categories>
          
            
					
          
        </relations>
        
          
				
        
      </organization>
      
        
			
      
        
				
        
      <organization order="8" ecContribution="350216" terminated="false" type="participant">
        
          
					
          
        <availableLanguages>en</availableLanguages>
        
          
					
          
        <rcn>2262810</rcn>
        
          
					
          
        <legalName>THE UNIVERSITY OF LIVERPOOL</legalName>
        
          
					
          
        <shortName>THE UNIVERSITY OF LIVERPOOL</shortName>
        
          
					
          
        <address>
          
            
						
            
          <country>UK</country>
          
            
					
          
        </address>
        
          
					
          
        <relations>
          
            
						
            
          <regions>
            
              
							
              
              
						
            
                
								
                
            <region type="relatedRegion">
              
                  
									
                  
              <rcn>508725800</rcn>
              
                  
									
                  
              <name>United Kingdom</name>
              
                  
									
                  
              <nutsCode>UK</nutsCode>
              
                  
									
                  
              <euCode>UK</euCode>
              
                  
									
                  
              <isoCode>GB</isoCode>
              
                  
									
                  
              <parents>
                
                    
										
                    
                <parents>
                  
                      
											
                      
                  <region>
                    
                        
												
                        
                    <rcn>4</rcn>
                    
                        
												
                        
                    <nutsCode>regionWorld</nutsCode>
                    
                        
												
                        
                    <euCode>regionWorld</euCode>
                    
                        
												
                        
                    <isoCode>regionWorld</isoCode>
                    
                        
											
                      
                  </region>
                  
                      
										
                    
                </parents>
                
                    
										
                    
                <parents>
                  
                      
											
                      
                  <region>
                    
                        
												
                        
                    <rcn>5</rcn>
                    
                        
												
                        
                    <nutsCode>regionEuMemberstate</nutsCode>
                    
                        
												
                        
                    <euCode>regionEuMemberstate</euCode>
                    
                        
												
                        
                    <isoCode>regionEuMemberstate</isoCode>
                    
                        
											
                      
                  </region>
                  
                      
										
                    
                </parents>
                
                    
										
                    
                <parents>
                  
                      
											
                      
                  <region>
                    
                        
												
                        
                    <rcn>6</rcn>
                    
                        
												
                        
                    <nutsCode>regionEuAssociated</nutsCode>
                    
                        
												
                        
                    <euCode>regionEuAssociated</euCode>
                    
                        
												
                        
                    <isoCode>regionEuAssociated</isoCode>
                    
                        
											
                      
                  </region>
                  
                      
										
                    
                </parents>
                
                    
									
                  
              </parents>
              
                  
								
                
            </region>
            
                
							
              
          </regions>
          
            
						
            
          <categories>
            
              
							
              
            <category classification="organizationActivityType" type="relatedOrganizationActivityType">
              
                
								
                
              <code>HES</code>
              
                
								
                
                
							
              
            </category>
            
              
						
            
          </categories>
          
            
					
          
        </relations>
        
          
				
        
      </organization>
      
        
			
      
        
				
        
      <organization order="6" ecContribution="344625" terminated="false" type="participant">
        
          
					
          
        <availableLanguages>en</availableLanguages>
        
          
					
          
        <rcn>2262808</rcn>
        
          
					
          
        <legalName>NUMERICAL MECHANICS APPLICATIONS INTERNATIONAL SA</legalName>
        
          
					
          
        <shortName>NUMECA</shortName>
        
          
					
          
        <address>
          
            
						
            
          <country>BE</country>
          
            
					
          
        </address>
        
          
					
          
        <relations>
          
            
						
            
          <regions>
            
              
							
              
              
						
            
                
								
                
            <region type="relatedRegion">
              
                  
									
                  
              <rcn>188385832</rcn>
              
                  
									
                  
              <name>Belgium</name>
              
                  
									
                  
              <nutsCode>BE</nutsCode>
              
                  
									
                  
              <euCode>BE</euCode>
              
                  
									
                  
              <isoCode>BE</isoCode>
              
                  
									
                  
              <parents>
                
                    
										
                    
                <parents>
                  
                      
											
                      
                  <region>
                    
                        
												
                        
                    <rcn>4</rcn>
                    
                        
												
                        
                    <nutsCode>regionWorld</nutsCode>
                    
                        
												
                        
                    <euCode>regionWorld</euCode>
                    
                        
												
                        
                    <isoCode>regionWorld</isoCode>
                    
                        
											
                      
                  </region>
                  
                      
										
                    
                </parents>
                
                    
										
                    
                <parents>
                  
                      
											
                      
                  <region>
                    
                        
												
                        
                    <rcn>5</rcn>
                    
                        
												
                        
                    <nutsCode>regionEuMemberstate</nutsCode>
                    
                        
												
                        
                    <euCode>regionEuMemberstate</euCode>
                    
                        
												
                        
                    <isoCode>regionEuMemberstate</isoCode>
                    
                        
											
                      
                  </region>
                  
                      
										
                    
                </parents>
                
                    
										
                    
                <parents>
                  
                      
											
                      
                  <region>
                    
                        
												
                        
                    <rcn>6</rcn>
                    
                        
												
                        
                    <nutsCode>regionEuAssociated</nutsCode>
                    
                        
												
                        
                    <euCode>regionEuAssociated</euCode>
                    
                        
												
                        
                    <isoCode>regionEuAssociated</isoCode>
                    
                        
											
                      
                  </region>
                  
                      
										
                    
                </parents>
                
                    
									
                  
              </parents>
              
                  
								
                
            </region>
            
                
							
              
          </regions>
          
            
						
            
          <categories>
            
              
							
              
            <category classification="organizationActivityType" type="relatedOrganizationActivityType">
              
                
								
                
              <code>PRC</code>
              
                
								
                
                
							
              
            </category>
            
              
						
            
          </categories>
          
            
					
          
        </relations>
        
          
				
        
      </organization>
      
        
			
      
        
				
        
      <organization order="9" ecContribution="68750" terminated="false" type="participant">
        
          
					
          
        <availableLanguages>en</availableLanguages>
        
          
					
          
        <rcn>2262811</rcn>
        
          
					
          
        <legalName>AIRBUS DEFENCE AND SPACE GMBH</legalName>
        
          
					
          
        <shortName>Airbus Defence and Space GmbH</shortName>
        
          
					
          
        <address>
          
            
						
            
          <country>DE</country>
          
            
					
          
        </address>
        
          
					
          
        <relations>
          
            
						
            
          <regions>
            
              
							
              
              
						
            
                
								
                
            <region type="relatedRegion">
              
                  
									
                  
              <rcn>221940264</rcn>
              
                  
									
                  
              <name>Germany</name>
              
                  
									
                  
              <nutsCode>DE</nutsCode>
              
                  
									
                  
              <euCode>DE</euCode>
              
                  
									
                  
              <isoCode>DE</isoCode>
              
                  
									
                  
              <parents>
                
                    
										
                    
                <parents>
                  
                      
											
                      
                  <region>
                    
                        
												
                        
                    <rcn>4</rcn>
                    
                        
												
                        
                    <nutsCode>regionWorld</nutsCode>
                    
                        
												
                        
                    <euCode>regionWorld</euCode>
                    
                        
												
                        
                    <isoCode>regionWorld</isoCode>
                    
                        
											
                      
                  </region>
                  
                      
										
                    
                </parents>
                
                    
										
                    
                <parents>
                  
                      
											
                      
                  <region>
                    
                        
												
                        
                    <rcn>5</rcn>
                    
                        
												
                        
                    <nutsCode>regionEuMemberstate</nutsCode>
                    
                        
												
                        
                    <euCode>regionEuMemberstate</euCode>
                    
                        
												
                        
                    <isoCode>regionEuMemberstate</isoCode>
                    
                        
											
                      
                  </region>
                  
                      
										
                    
                </parents>
                
                    
										
                    
                <parents>
                  
                      
											
                      
                  <region>
                    
                        
												
                        
                    <rcn>6</rcn>
                    
                        
												
                        
                    <nutsCode>regionEuAssociated</nutsCode>
                    
                        
												
                        
                    <euCode>regionEuAssociated</euCode>
                    
                        
												
                        
                    <isoCode>regionEuAssociated</isoCode>
                    
                        
											
                      
                  </region>
                  
                      
										
                    
                </parents>
                
                    
									
                  
              </parents>
              
                  
								
                
            </region>
            
                
							
              
          </regions>
          
            
						
            
          <categories>
            
              
							
              
            <category classification="organizationActivityType" type="relatedOrganizationActivityType">
              
                
								
                
              <code>PRC</code>
              
                
								
                
                
							
              
            </category>
            
              
						
            
          </categories>
          
            
					
          
        </relations>
        
          
				
        
      </organization>
      
        
			
      
        
				
        
      <organization order="2" ecContribution="286268.5" terminated="false" type="participant">
        
          
					
          
        <availableLanguages>en</availableLanguages>
        
          
					
          
        <rcn>2262804</rcn>
        
          
					
          
        <legalName>INSTITUT NATIONAL DE RECHERCHE EN INFORMATIQUE ET EN AUTOMATIQUE</legalName>
        
          
					
          
        <shortName>INRIA</shortName>
        
          
					
          
        <address>
          
            
						
            
          <country>FR</country>
          
            
					
          
        </address>
        
          
					
          
        <relations>
          
            
						
            
          <regions>
            
              
							
              
              
						
            
                
								
                
            <region type="relatedRegion">
              
                  
									
                  
              <rcn>258902568</rcn>
              
                  
									
                  
              <name>France</name>
              
                  
									
                  
              <nutsCode>FR</nutsCode>
              
                  
									
                  
              <euCode>FR</euCode>
              
                  
									
                  
              <isoCode>FR</isoCode>
              
                  
									
                  
              <parents>
                
                    
										
                    
                <parents>
                  
                      
											
                      
                  <region>
                    
                        
												
                        
                    <rcn>4</rcn>
                    
                        
												
                        
                    <nutsCode>regionWorld</nutsCode>
                    
                        
												
                        
                    <euCode>regionWorld</euCode>
                    
                        
												
                        
                    <isoCode>regionWorld</isoCode>
                    
                        
											
                      
                  </region>
                  
                      
										
                    
                </parents>
                
                    
										
                    
                <parents>
                  
                      
											
                      
                  <region>
                    
                        
												
                        
                    <rcn>5</rcn>
                    
                        
												
                        
                    <nutsCode>regionEuMemberstate</nutsCode>
                    
                        
												
                        
                    <euCode>regionEuMemberstate</euCode>
                    
                        
												
                        
                    <isoCode>regionEuMemberstate</isoCode>
                    
                        
											
                      
                  </region>
                  
                      
										
                    
                </parents>
                
                    
										
                    
                <parents>
                  
                      
											
                      
                  <region>
                    
                        
												
                        
                    <rcn>6</rcn>
                    
                        
												
                        
                    <nutsCode>regionEuAssociated</nutsCode>
                    
                        
												
                        
                    <euCode>regionEuAssociated</euCode>
                    
                        
												
                        
                    <isoCode>regionEuAssociated</isoCode>
                    
                        
											
                      
                  </region>
                  
                      
										
                    
                </parents>
                
                    
									
                  
              </parents>
              
                  
								
                
            </region>
            
                
							
              
          </regions>
          
            
						
            
          <categories>
            
              
							
              
            <category classification="organizationActivityType" type="relatedOrganizationActivityType">
              
                
								
                
              <code>REC</code>
              
                
								
                
                
							
              
            </category>
            
              
						
            
          </categories>
          
            
					
          
        </relations>
        
          
				
        
      </organization>
      
        
			
      
        
				
        
      <organization order="5" ecContribution="324375" terminated="false" type="participant">
        
          
					
          
        <availableLanguages>en</availableLanguages>
        
          
					
          
        <rcn>2262807</rcn>
        
          
					
          
        <legalName>UNIVERSITY OF CAPE TOWN</legalName>
        
          
					
          
        <shortName>UCT</shortName>
        
          
					
          
        <address>
          
            
						
            
          <country>ZA</country>
          
            
					
          
        </address>
        
          
					
          
        <relations>
          
            
						
            
          <regions>
            
              
							
              
              
						
            
                
								
                
            <region type="relatedRegion">
              
                  
									
                  
              <rcn>589990440</rcn>
              
                  
									
                  
              <name>South Africa</name>
              
                  
									
                  
              <nutsCode>ZA</nutsCode>
              
                  
									
                  
              <euCode>ZA</euCode>
              
                  
									
                  
              <isoCode>ZA</isoCode>
              
                  
									
                  
              <parents>
                
                    
										
                    
                <parents>
                  
                      
											
                      
                  <region>
                    
                        
												
                        
                    <rcn>4</rcn>
                    
                        
												
                        
                    <nutsCode>regionWorld</nutsCode>
                    
                        
												
                        
                    <euCode>regionWorld</euCode>
                    
                        
												
                        
                    <isoCode>regionWorld</isoCode>
                    
                        
											
                      
                  </region>
                  
                      
										
                    
                </parents>
                
                    
									
                  
              </parents>
              
                  
								
                
            </region>
            
                
							
              
          </regions>
          
            
						
            
          <categories>
            
              
							
              
            <category classification="organizationActivityType" type="relatedOrganizationActivityType">
              
                
								
                
              <code>HES</code>
              
                
								
                
                
							
              
            </category>
            
              
						
            
          </categories>
          
            
					
          
        </relations>
        
          
				
        
      </organization>
      
        
			
      
        
				
        
      <organization order="7" ecContribution="304250" terminated="false" type="participant">
        
          
					
          
        <availableLanguages>en</availableLanguages>
        
          
					
          
        <rcn>2262809</rcn>
        
          
					
          
        <legalName>Optimad engineering s.r.l.</legalName>
        
          
					
          
        <shortName>Optimad engineering s.r.l.</shortName>
        
          
					
          
        <address>
          
            
						
            
          <country>IT</country>
          
            
					
          
        </address>
        
          
					
          
        <relations>
          
            
						
            
          <regions>
            
              
							
              
              
						
            
                
								
                
            <region type="relatedRegion">
              
                  
									
                  
              <rcn>309758504</rcn>
              
                  
									
                  
              <name>Italy</name>
              
                  
									
                  
              <nutsCode>IT</nutsCode>
              
                  
									
                  
              <euCode>IT</euCode>
              
                  
									
                  
              <isoCode>IT</isoCode>
              
                  
									
                  
              <parents>
                
                    
										
                    
                <parents>
                  
                      
											
                      
                  <region>
                    
                        
												
                        
                    <rcn>4</rcn>
                    
                        
												
                        
                    <nutsCode>regionWorld</nutsCode>
                    
                        
												
                        
                    <euCode>regionWorld</euCode>
                    
                        
												
                        
                    <isoCode>regionWorld</isoCode>
                    
                        
											
                      
                  </region>
                  
                      
										
                    
                </parents>
                
                    
										
                    
                <parents>
                  
                      
											
                      
                  <region>
                    
                        
												
                        
                    <rcn>5</rcn>
                    
                        
												
                        
                    <nutsCode>regionEuMemberstate</nutsCode>
                    
                        
												
                        
                    <euCode>regionEuMemberstate</euCode>
                    
                        
												
                        
                    <isoCode>regionEuMemberstate</isoCode>
                    
                        
											
                      
                  </region>
                  
                      
										
                    
                </parents>
                
                    
										
                    
                <parents>
                  
                      
											
                      
                  <region>
                    
                        
												
                        
                    <rcn>6</rcn>
                    
                        
												
                        
                    <nutsCode>regionEuAssociated</nutsCode>
                    
                        
												
                        
                    <euCode>regionEuAssociated</euCode>
                    
                        
												
                        
                    <isoCode>regionEuAssociated</isoCode>
                    
                        
											
                      
                  </region>
                  
                      
										
                    
                </parents>
                
                    
									
                  
              </parents>
              
                  
								
                
            </region>
            
                
							
              
          </regions>
          
            
						
            
          <categories>
            
              
							
              
            <category classification="organizationActivityType" type="relatedOrganizationActivityType">
              
                
								
                
              <code>PRC</code>
              
                
								
                
                
							
              
            </category>
            
              
						
            
          </categories>
          
            
					
          
        </relations>
        
          
				
        
      </organization>
      
        
			
      
        
				
        
      <organization order="10" ecContribution="383863.75" terminated="false" type="participant">
        
          
					
          
        <availableLanguages>en</availableLanguages>
        
          
					
          
        <rcn>2262812</rcn>
        
          
					
          
        <legalName>DASSAULT AVIATION SA</legalName>
        
          
					
          
        <shortName>DASSAULT AVIATION SA</shortName>
        
          
					
          
        <address>
          
            
						
            
          <country>FR</country>
          
            
					
          
        </address>
        
          
					
          
        <relations>
          
            
						
            
          <regions>
            
              
							
              
              
						
            
                
								
                
            <region type="relatedRegion">
              
                  
									
                  
              <rcn>258902568</rcn>
              
                  
									
                  
              <name>France</name>
              
                  
									
                  
              <nutsCode>FR</nutsCode>
              
                  
									
                  
              <euCode>FR</euCode>
              
                  
									
                  
              <isoCode>FR</isoCode>
              
                  
									
                  
              <parents>
                
                    
										
                    
                <parents>
                  
                      
											
                      
                  <region>
                    
                        
												
                        
                    <rcn>4</rcn>
                    
                        
												
                        
                    <nutsCode>regionWorld</nutsCode>
                    
                        
												
                        
                    <euCode>regionWorld</euCode>
                    
                        
												
                        
                    <isoCode>regionWorld</isoCode>
                    
                        
											
                      
                  </region>
                  
                      
										
                    
                </parents>
                
                    
										
                    
                <parents>
                  
                      
											
                      
                  <region>
                    
                        
												
                        
                    <rcn>5</rcn>
                    
                        
												
                        
                    <nutsCode>regionEuMemberstate</nutsCode>
                    
                        
												
                        
                    <euCode>regionEuMemberstate</euCode>
                    
                        
												
                        
                    <isoCode>regionEuMemberstate</isoCode>
                    
                        
											
                      
                  </region>
                  
                      
										
                    
                </parents>
                
                    
										
                    
                <parents>
                  
                      
											
                      
                  <region>
                    
                        
												
                        
                    <rcn>6</rcn>
                    
                        
												
                        
                    <nutsCode>regionEuAssociated</nutsCode>
                    
                        
												
                        
                    <euCode>regionEuAssociated</euCode>
                    
                        
												
                        
                    <isoCode>regionEuAssociated</isoCode>
                    
                        
											
                      
                  </region>
                  
                      
										
                    
                </parents>
                
                    
									
                  
              </parents>
              
                  
								
                
            </region>
            
                
							
              
          </regions>
          
            
						
            
          <categories>
            
              
							
              
            <category classification="organizationActivityType" type="relatedOrganizationActivityType">
              
                
								
                
              <code>PRC</code>
              
                
								
                
                
							
              
            </category>
            
              
						
            
          </categories>
          
            
					
          
        </relations>
        
          
				
        
      </organization>
      
        
			
      
        
				
        
      <organization order="4" ecContribution="468203.75" terminated="false" type="participant">
        
          
					
          
        <availableLanguages>en</availableLanguages>
        
          
					
          
        <rcn>2262806</rcn>
        
          
					
          
        <legalName>DEUTSCHES ZENTRUM FUER LUFT - UND RAUMFAHRT EV</legalName>
        
          
					
          
        <shortName>DLR</shortName>
        
          
					
          
        <address>
          
            
						
            
          <country>DE</country>
          
            
					
          
        </address>
        
          
					
          
        <relations>
          
            
						
            
          <regions>
            
              
							
              
              
						
            
                
								
                
            <region type="relatedRegion">
              
                  
									
                  
              <rcn>221940264</rcn>
              
                  
									
                  
              <name>Germany</name>
              
                  
									
                  
              <nutsCode>DE</nutsCode>
              
                  
									
                  
              <euCode>DE</euCode>
              
                  
									
                  
              <isoCode>DE</isoCode>
              
                  
									
                  
              <parents>
                
                    
										
                    
                <parents>
                  
                      
											
                      
                  <region>
                    
                        
												
                        
                    <rcn>4</rcn>
                    
                        
												
                        
                    <nutsCode>regionWorld</nutsCode>
                    
                        
												
                        
                    <euCode>regionWorld</euCode>
                    
                        
												
                        
                    <isoCode>regionWorld</isoCode>
                    
                        
											
                      
                  </region>
                  
                      
										
                    
                </parents>
                
                    
										
                    
                <parents>
                  
                      
											
                      
                  <region>
                    
                        
												
                        
                    <rcn>5</rcn>
                    
                        
												
                        
                    <nutsCode>regionEuMemberstate</nutsCode>
                    
                        
												
                        
                    <euCode>regionEuMemberstate</euCode>
                    
                        
												
                        
                    <isoCode>regionEuMemberstate</isoCode>
                    
                        
											
                      
                  </region>
                  
                      
										
                    
                </parents>
                
                    
										
                    
                <parents>
                  
                      
											
                      
                  <region>
                    
                        
												
                        
                    <rcn>6</rcn>
                    
                        
												
                        
                    <nutsCode>regionEuAssociated</nutsCode>
                    
                        
												
                        
                    <euCode>regionEuAssociated</euCode>
                    
                        
												
                        
                    <isoCode>regionEuAssociated</isoCode>
                    
                        
											
                      
                  </region>
                  
                      
										
                    
                </parents>
                
                    
									
                  
              </parents>
              
                  
								
                
            </region>
            
                
							
              
          </regions>
          
            
						
            
          <categories>
            
              
							
              
            <category classification="organizationActivityType" type="relatedOrganizationActivityType">
              
                
								
                
              <code>REC</code>
              
                
								
                
                
							
              
            </category>
            
              
						
            
          </categories>
          
            
					
          
        </relations>
        
          
				
        
      </organization>
      
        
			
      
    </associations>
    
    
		
    
    <categories>
      
      
			
      
      <category classification="projectFundingSchemeCategory" type="relatedProjectFundingSchemeCategory">
        
        
				
        
        <availableLanguages>en</availableLanguages>
        
        
				
        
        <code>RIA</code>
        
        
				
        
        
			
      
      </category>
      
      
		
    
    </categories>
    
    
	
  
  </relations>
  
  
	


</project>

