<?xml version="1.0" encoding="UTF-8"?>
<project xmlns="http://cordis.europa.eu">
  
  
	
	
  
  <language>en</language>
  
  
	
  
  <availableLanguages>en</availableLanguages>
  
  
	
  
  <rcn>197899</rcn>
  
  
	
	
  
  <reference>660508</reference>
  
  
	
	
  
  <acronym>MIRIPSHE</acronym>
  
  
	
	
  
  <teaser>MID-IR Integrated Photonic Sensor for Health and Environment (MIRIPSHE) address the growing demand for a CMOS compatible Mid-infrared (MIR) wave band photonic sensor. MIRIPSHE aims to achieve this goal by integrating rare earth doped chalcogenide glass into a silicon platform ...</teaser>
  
  
	
	
  
  <objective>MID-IR Integrated Photonic Sensor for Health and Environment (MIRIPSHE) address the growing demand for a CMOS compatible Mid-infrared (MIR) wave band photonic sensor. MIRIPSHE aims to achieve this goal by integrating rare earth doped chalcogenide glass into a silicon platform in order to exploit the superior optical and electronic properties of these two materials, respectively, for unparalleled bio-chemical sensing for health and environmental monitoring. The MIR band is an excellent detection window for most bio-chemical elements such as Amides, Lipids, Nitriles and Carbon dioxide as the absorption fingerprints of these molecules lies in the 3-10 µm wavelength range. Integrated Photonics platform can play a major role in the MIR on-chip chemical and biological sensing with high sensitivity. The progress of current MIR platforms to a complete lab-on-chip system is limited due to their incompatibility to monolithically integrate with a CMOS platform. MIRIPSHE  strives to ingeniously develop a CMOS-compatible MIR optical sensor platform and a pilot demonstration of liquid phase Nitriles/Alkynes pharmaceuticals detection in the 4-5 µm region by functionalizing rare earth enriched chalcogenide glasses into silicon substrate using the  novel ultrafast laser plasma implantation (ULPI) technique developed  at the University of Leeds (UNIVLEEDS). The sensing scheme relies on the MIR fluorescent emission of rare earth elements and their selective absorption characteristics corresponding to the molecular composition of the analytes. 

This ambitious project in the emerging technologies is perfectly suited to a Fellow with a strong background in Opto-electronics research and CMOS industry. The Fellow, Jayakrishnan Chandrappan, is one of the unique candidates having vast industrial experience both in optoelectronics device development and 300 mm silicon wafer processing. He recently moved to University of Leeds to pursue his interest in academic research, transferring the</objective>
  
  
	
	
  
  <title>MID-IR Integrated Photonic Sensor for Health and Environment</title>
  
  
	
	
  
  <totalCost>195454.8</totalCost>
  
  
	
	
  
  <ecMaxContribution>195454.8</ecMaxContribution>
  
  
	
	
  
  <endDate>2017-08-01</endDate>
  
  
	
	
  
  <contract>
    
    
		
    
    <duration>24</duration>
    
    
	
  
  </contract>
  
  
	
  
  <status>SIGNED</status>
  
  
	
	
  
  <contentCreationDate>2015-07-13 14:58:25</contentCreationDate>
  
  
	
	
  
  <contentUpdateDate>2015-07-13 14:58:25</contentUpdateDate>
  
  
	
	
  
  <lastUpdateDate>2015-07-13 14:58:25</lastUpdateDate>
  
  
	
	
  
  <relations>
    
    
		
    
    <associations>
      
      
			
      
      
			
      
      
			
      
      
			
      
      
		
    
        
				
        
      <programme type="relatedProgramme">
        
          
					
          
        <availableLanguages>en</availableLanguages>
        
          
					
          
        <rcn>664113</rcn>
        
          
					
          
        <code>H2020-EU.1.3.2.</code>
        
          
					
          
        <pga>H2020-EU.1.3.2.</pga>
        
          
					
          
        <title>Nurturing excellence by means of cross-border and cross-sector mobility</title>
        
          
					
          
        <parent>
          
            
						
            
          <parent>
            
              
							
              
            <programme>
              
                
								
                
              <rcn>664109</rcn>
              
                
								
                
              <code>H2020-EU.1.3.</code>
              
                
								
                
              <parent>
                
                  
									
                  
                <parent>
                  
                    
										
                    
                  <programme>
                    
                      
											
                      
                    <rcn>664091</rcn>
                    
                      
											
                      
                    <code>H2020-EU.1.</code>
                    
                      
											
                      
                    <parent>
                      
                        
												
                        
                      <parent>
                        
                          
													
                          
                        <programme>
                          
                            
														
                            
                          <rcn>664087</rcn>
                          
                            
														
                            
                          <code>H2020-EC</code>
                          
                            
														
                            
                          <parent>
                            
                              
															
                              
                            <parent>
                              
                                
																
                                
                              <programme>
                                
                                  
																	
                                  
                                <rcn>664086</rcn>
                                
                                  
																	
                                  
                                <code>H2020</code>
                                
                                  
																
                                
                              </programme>
                              
                                
															
                              
                            </parent>
                            
                              
														
                            
                          </parent>
                          
                            
													
                          
                        </programme>
                        
                          
												
                        
                      </parent>
                      
                        
											
                      
                    </parent>
                    
                      
										
                    
                  </programme>
                  
                    
									
                  
                </parent>
                
                  
								
                
              </parent>
              
                
							
              
            </programme>
            
              
						
            
          </parent>
          
            
					
          
        </parent>
        
          
				
        
      </programme>
      
        
			
      
        
				
        
      <programme type="relatedSubProgramme">
        
          
					
          
        <availableLanguages>en,any</availableLanguages>
        
          
					
          
        <rcn>664546</rcn>
        
          
					
          
        <code>MSCA-IF-2014-EF</code>
        
          
					
          
        <title>Marie Skłodowska-Curie Individual Fellowships (IF-EF)</title>
        
          
					
          
        <parent>
          
            
						
            
          <parent>
            
              
							
              
            <programme>
              
                
								
                
              <rcn>20200</rcn>
              
                
								
                
              <code>H2020-Topics</code>
              
                
							
              
            </programme>
            
              
						
            
          </parent>
          
            
					
          
        </parent>
        
          
				
        
      </programme>
      
        
			
      
        
				
        
      <call type="relatedCall">
        
          
					
          
        <rcn>183</rcn>
        
          
					
          
        <title>H2020-MSCA-IF-2014</title>
        
          
					
          
        <identifier>H2020-MSCA-IF-2014</identifier>
        
          
				
        
      </call>
      
        
			
      
        
				
        
      <organization order="1" ecContribution="195454.8" terminated="false" type="coordinator">
        
          
					
          
        <availableLanguages>en</availableLanguages>
        
          
					
          
        <rcn>2286107</rcn>
        
          
					
          
        <legalName>UNIVERSITY OF LEEDS</legalName>
        
          
					
          
        <shortName>UNIVLEEDS</shortName>
        
          
					
          
        <address>
          
            
						
            
          <country>UK</country>
          
            
					
          
        </address>
        
          
					
          
        <relations>
          
            
						
            
          <regions>
            
              
							
              
              
						
            
                
								
                
            <region type="relatedRegion">
              
                  
									
                  
              <rcn>508725800</rcn>
              
                  
									
                  
              <name>UNITED KINGDOM</name>
              
                  
									
                  
              <nutsCode>UK</nutsCode>
              
                  
									
                  
              <euCode>UK</euCode>
              
                  
									
                  
              <isoCode>GB</isoCode>
              
                  
									
                  
              <parents>
                
                    
										
                    
                <parents>
                  
                      
											
                      
                  <region>
                    
                        
												
                        
                    <rcn>4</rcn>
                    
                        
												
                        
                    <name>World</name>
                    
                        
												
                        
                    <nutsCode>regionWorld</nutsCode>
                    
                        
												
                        
                    <euCode>regionWorld</euCode>
                    
                        
												
                        
                    <isoCode>regionWorld</isoCode>
                    
                        
											
                      
                  </region>
                  
                      
										
                    
                </parents>
                
                    
										
                    
                <parents>
                  
                      
											
                      
                  <region>
                    
                        
												
                        
                    <rcn>5</rcn>
                    
                        
												
                        
                    <name>EU Memberstate</name>
                    
                        
												
                        
                    <nutsCode>regionEuMemberstate</nutsCode>
                    
                        
												
                        
                    <euCode>regionEuMemberstate</euCode>
                    
                        
												
                        
                    <isoCode>regionEuMemberstate</isoCode>
                    
                        
											
                      
                  </region>
                  
                      
										
                    
                </parents>
                
                    
										
                    
                <parents>
                  
                      
											
                      
                  <region>
                    
                        
												
                        
                    <rcn>6</rcn>
                    
                        
												
                        
                    <name>EU Associated</name>
                    
                        
												
                        
                    <nutsCode>regionEuAssociated</nutsCode>
                    
                        
												
                        
                    <euCode>regionEuAssociated</euCode>
                    
                        
												
                        
                    <isoCode>regionEuAssociated</isoCode>
                    
                        
											
                      
                  </region>
                  
                      
										
                    
                </parents>
                
                    
									
                  
              </parents>
              
                  
								
                
            </region>
            
                
							
              
          </regions>
          
            
						
            
          <categories>
            
              
							
              
            <category classification="organizationActivityType" type="relatedOrganizationActivityType">
              
                
								
                
              <code>HES</code>
              
                
								
                
              <title>Higher or Secondary Education Establishments</title>
              
                
								
                
                
							
              
            </category>
            
              
						
            
          </categories>
          
            
					
          
        </relations>
        
          
				
        
      </organization>
      
        
			
      
    </associations>
    
    
		
    
    <categories>
      
      
			
      
      <category classification="projectFundingSchemeCategory" type="relatedProjectFundingSchemeCategory">
        
        
				
        
        <availableLanguages>en</availableLanguages>
        
        
				
        
        <code>MSCA-IF-EF-ST</code>
        
        
				
        
        <title>Standard EF</title>
        
        
				
        
        
			
      
      </category>
      
      
		
    
    </categories>
    
    
	
  
  </relations>
  
  
	


</project>

