<?xml version="1.0" encoding="UTF-8"?>
<project xmlns="http://cordis.europa.eu">
  
  
	
	
  
  <language>en</language>
  
  
	
  
  <availableLanguages>en</availableLanguages>
  
  
	
  
  <rcn>193211</rcn>
  
  
	
	
  
  <reference>633310</reference>
  
  
	
	
  
  <acronym>Volcanoes Night III</acronym>
  
  
	
	
  
  <teaser>People have been fascinated by volcanoes ever since the dawn of mankind and treated them with utmost respect. The rapid development of converging technological areas, such as informatics, material science or space research multiplied our knowledge of earth processes and create...</teaser>
  
  
	
	
  
  <objective>People have been fascinated by volcanoes ever since the dawn of mankind and treated them with utmost respect. The rapid development of converging technological areas, such as informatics, material science or space research multiplied our knowledge of earth processes and created some highly specialised fields within volcanology. At the same time a dramatic gap has formed between the professionals and the public. As a result, in today’s world, the work of volcanologists is nearly as mythical as the work of volcanoes in ancient times. The objective of this project is therefore to address this issue and bridge the gap between science and the general public of different ages. Participating scientists will not only talk about their field of research, but will also share their experience on how students can approach science and research institutions, providing perfect scenario to attract young people to science careers. During Volcanoes Night participants will be provided to access research facilities, and a complementary scheme of workshops, science cafés, excursions, presentations and challenge games will be arranged all to fuel the public’s curiosity, interest and understanding of research activities. As a backdrop to the Night volcanoes will be used not only to explain the work of volcanologists but also to explain what science is about and what scientists and researchers do during their daily work.</objective>
  
  
	
	
  
  <title>Volcanoes' Night III. - Researchers' Night of the Canary Islands</title>
  
  
	
	
  
  <totalCost>227225</totalCost>
  
  
	
	
  
  <ecMaxContribution>153000</ecMaxContribution>
  
  
	
	
  
  <startDate>2014-05-01</startDate>
  
  
	
	
  
  <endDate>2016-01-01</endDate>
  
  
	
	
  
  <contract>
    
    
		
    
    <duration>20</duration>
    
    
	
  
  </contract>
  
  
	
  
  <status>SIGNED</status>
  
  
	
	
  
  <contentCreationDate>2015-05-05 15:58:25</contentCreationDate>
  
  
	
	
  
  <contentUpdateDate>2015-05-05 15:58:25</contentUpdateDate>
  
  
	
	
  
  <lastUpdateDate>2015-05-05 15:58:25</lastUpdateDate>
  
  
	
	
  
  <relations>
    
    
		
    
    <associations>
      
      
			
      
      
			
      
      
			
      
      
			
      
      
			
      
      
		
    
        
				
        
      <programme type="relatedProgramme">
        
          
					
          
        <availableLanguages>en</availableLanguages>
        
          
					
          
        <rcn>664119</rcn>
        
          
					
          
        <code>H2020-EU.1.3.5.</code>
        
          
					
          
        <pga>H2020-EU.1.3.5.</pga>
        
          
					
          
        <title>Specific support and policy actions</title>
        
          
					
          
        <parent>
          
            
						
            
          <parent>
            
              
							
              
            <programme>
              
                
								
                
              <rcn>664109</rcn>
              
                
								
                
              <code>H2020-EU.1.3.</code>
              
                
								
                
              <parent>
                
                  
									
                  
                <parent>
                  
                    
										
                    
                  <programme>
                    
                      
											
                      
                    <rcn>664091</rcn>
                    
                      
											
                      
                    <code>H2020-EU.1.</code>
                    
                      
											
                      
                    <parent>
                      
                        
												
                        
                      <parent>
                        
                          
													
                          
                        <programme>
                          
                            
														
                            
                          <rcn>664087</rcn>
                          
                            
														
                            
                          <code>H2020-EC</code>
                          
                            
														
                            
                          <parent>
                            
                              
															
                              
                            <parent>
                              
                                
																
                                
                              <programme>
                                
                                  
																	
                                  
                                <rcn>664086</rcn>
                                
                                  
																	
                                  
                                <code>H2020</code>
                                
                                  
																
                                
                              </programme>
                              
                                
															
                              
                            </parent>
                            
                              
														
                            
                          </parent>
                          
                            
													
                          
                        </programme>
                        
                          
												
                        
                      </parent>
                      
                        
											
                      
                    </parent>
                    
                      
										
                    
                  </programme>
                  
                    
									
                  
                </parent>
                
                  
								
                
              </parent>
              
                
							
              
            </programme>
            
              
						
            
          </parent>
          
            
					
          
        </parent>
        
          
				
        
      </programme>
      
        
			
      
        
				
        
      <programme type="relatedSubProgramme">
        
          
					
          
        <availableLanguages>en,any</availableLanguages>
        
          
					
          
        <rcn>664549</rcn>
        
          
					
          
        <code>MSCA-NIGHT-2014</code>
        
          
					
          
        <title>European Researchers' Night (NIGHT)</title>
        
          
					
          
        <parent>
          
            
						
            
          <parent>
            
              
							
              
            <programme>
              
                
								
                
              <rcn>20200</rcn>
              
                
								
                
              <code>H2020-Topics</code>
              
                
							
              
            </programme>
            
              
						
            
          </parent>
          
            
					
          
        </parent>
        
          
				
        
      </programme>
      
        
			
      
        
				
        
      <call type="relatedCall">
        
          
					
          
        <rcn>186</rcn>
        
          
					
          
        <title>H2020-MSCA-NIGHT-2014</title>
        
          
					
          
        <identifier>H2020-MSCA-NIGHT-2014</identifier>
        
          
				
        
      </call>
      
        
			
      
        
				
        
      <organization order="1" ecContribution="32000" terminated="false" type="coordinator">
        
          
					
          
        <availableLanguages>en</availableLanguages>
        
          
					
          
        <rcn>2233551</rcn>
        
          
					
          
        <legalName>LA PALMA RESEARCH CENTRE FOR FUTURE STUDIES SL</legalName>
        
          
					
          
        <shortName>CENTRO FUTURO</shortName>
        
          
					
          
        <address>
          
            
						
            
          <country>ES</country>
          
            
					
          
        </address>
        
          
					
          
        <relations>
          
            
						
            
          <regions>
            
              
							
              
              
						
            
                
								
                
            <region type="relatedRegion">
              
                  
									
                  
              <rcn>242387496</rcn>
              
                  
									
                  
              <name>Spain</name>
              
                  
									
                  
              <nutsCode>ES</nutsCode>
              
                  
									
                  
              <euCode>ES</euCode>
              
                  
									
                  
              <isoCode>ES</isoCode>
              
                  
									
                  
              <parents>
                
                    
										
                    
                <parents>
                  
                      
											
                      
                  <region>
                    
                        
												
                        
                    <rcn>4</rcn>
                    
                        
												
                        
                    <nutsCode>regionWorld</nutsCode>
                    
                        
												
                        
                    <euCode>regionWorld</euCode>
                    
                        
												
                        
                    <isoCode>regionWorld</isoCode>
                    
                        
											
                      
                  </region>
                  
                      
										
                    
                </parents>
                
                    
										
                    
                <parents>
                  
                      
											
                      
                  <region>
                    
                        
												
                        
                    <rcn>5</rcn>
                    
                        
												
                        
                    <nutsCode>regionEuMemberstate</nutsCode>
                    
                        
												
                        
                    <euCode>regionEuMemberstate</euCode>
                    
                        
												
                        
                    <isoCode>regionEuMemberstate</isoCode>
                    
                        
											
                      
                  </region>
                  
                      
										
                    
                </parents>
                
                    
										
                    
                <parents>
                  
                      
											
                      
                  <region>
                    
                        
												
                        
                    <rcn>6</rcn>
                    
                        
												
                        
                    <nutsCode>regionEuAssociated</nutsCode>
                    
                        
												
                        
                    <euCode>regionEuAssociated</euCode>
                    
                        
												
                        
                    <isoCode>regionEuAssociated</isoCode>
                    
                        
											
                      
                  </region>
                  
                      
										
                    
                </parents>
                
                    
									
                  
              </parents>
              
                  
								
                
            </region>
            
                
							
              
          </regions>
          
            
						
            
          <categories>
            
              
							
              
            <category classification="organizationActivityType" type="relatedOrganizationActivityType">
              
                
								
                
              <code>PRC</code>
              
                
								
                
                
							
              
            </category>
            
              
						
            
          </categories>
          
            
					
          
        </relations>
        
          
				
        
      </organization>
      
        
			
      
        
				
        
      <organization order="2" ecContribution="121000" terminated="false" type="participant">
        
          
					
          
        <availableLanguages>en</availableLanguages>
        
          
					
          
        <rcn>2233552</rcn>
        
          
					
          
        <legalName>INSTITUTO TECNOLOGICO Y DE ENERGIAS RENOVABLES SA</legalName>
        
          
					
          
        <shortName>ITER, SA</shortName>
        
          
					
          
        <address>
          
            
						
            
          <country>ES</country>
          
            
					
          
        </address>
        
          
					
          
        <relations>
          
            
						
            
          <regions>
            
              
							
              
              
						
            
                
								
                
            <region type="relatedRegion">
              
                  
									
                  
              <rcn>242387496</rcn>
              
                  
									
                  
              <name>Spain</name>
              
                  
									
                  
              <nutsCode>ES</nutsCode>
              
                  
									
                  
              <euCode>ES</euCode>
              
                  
									
                  
              <isoCode>ES</isoCode>
              
                  
									
                  
              <parents>
                
                    
										
                    
                <parents>
                  
                      
											
                      
                  <region>
                    
                        
												
                        
                    <rcn>4</rcn>
                    
                        
												
                        
                    <nutsCode>regionWorld</nutsCode>
                    
                        
												
                        
                    <euCode>regionWorld</euCode>
                    
                        
												
                        
                    <isoCode>regionWorld</isoCode>
                    
                        
											
                      
                  </region>
                  
                      
										
                    
                </parents>
                
                    
										
                    
                <parents>
                  
                      
											
                      
                  <region>
                    
                        
												
                        
                    <rcn>5</rcn>
                    
                        
												
                        
                    <nutsCode>regionEuMemberstate</nutsCode>
                    
                        
												
                        
                    <euCode>regionEuMemberstate</euCode>
                    
                        
												
                        
                    <isoCode>regionEuMemberstate</isoCode>
                    
                        
											
                      
                  </region>
                  
                      
										
                    
                </parents>
                
                    
										
                    
                <parents>
                  
                      
											
                      
                  <region>
                    
                        
												
                        
                    <rcn>6</rcn>
                    
                        
												
                        
                    <nutsCode>regionEuAssociated</nutsCode>
                    
                        
												
                        
                    <euCode>regionEuAssociated</euCode>
                    
                        
												
                        
                    <isoCode>regionEuAssociated</isoCode>
                    
                        
											
                      
                  </region>
                  
                      
										
                    
                </parents>
                
                    
									
                  
              </parents>
              
                  
								
                
            </region>
            
                
							
              
          </regions>
          
            
						
            
          <categories>
            
              
							
              
            <category classification="organizationActivityType" type="relatedOrganizationActivityType">
              
                
								
                
              <code>PRC</code>
              
                
								
                
                
							
              
            </category>
            
              
						
            
          </categories>
          
            
					
          
        </relations>
        
          
				
        
      </organization>
      
        
			
      
    </associations>
    
    
		
    
    <categories>
      
      
			
      
      <category classification="projectFundingSchemeCategory" type="relatedProjectFundingSchemeCategory">
        
        
				
        
        <availableLanguages>en</availableLanguages>
        
        
				
        
        <code>CSA</code>
        
        
				
        
        <title>Coordination and support actions</title>
        
        
				
        
        
			
      
      </category>
      
      
		
    
    </categories>
    
    
	
  
  </relations>
  
  
	


</project>

