<?xml version="1.0" encoding="UTF-8"?>
<project xmlns="http://cordis.europa.eu">
  
  
	
	
  
  <language>en</language>
  
  
	
  
  <availableLanguages>en</availableLanguages>
  
  
	
  
  <rcn>193201</rcn>
  
  
	
	
  
  <reference>633277</reference>
  
  
	
	
  
  <acronym>ERNI2014</acronym>
  
  
	
	
  
  <teaser>"Following previous eight years of successful implementation of European Researchers' Night in Israel we will have:
o Venues covering the whole country.
o Involvement of the academic community including Israel Ministry of Science, Technology and Space (MOST), all major researc...</teaser>
  
  
	
	
  
  <objective>"Following previous eight years of successful implementation of European Researchers' Night in Israel we will have:
o Venues covering the whole country.
o Involvement of the academic community including Israel Ministry of Science, Technology and Space (MOST), all major research universities, leading collages and three science museums.
o Awareness campaign at national level managed and funded by the Israel Ministry of Science, Technology and Space.
o Groups of junior-high and high-school students (ages 12-18) will be invited by each partner to take part in each venue.
We are ready and proud to implement European Researchers' Night 2014 &amp; 2015.

• All of the partners involved in the project have the experience of running successful European Researchers' Nights events.

• With the successive increase in number of visitors along the years and the reputation of the event we are expecting more than 50,000 visitors each year.

• Main theme for 2014 will be ""Water &amp; Marine Sciences research"". Main theme for 2015 will be ""Brain Research"" which is very attractive subject to the special 10th anniversary event.

• Same management as in 2011, 2012, 2013 successful events.

• Proposal covers both 2014 &amp; 2015 European Researchers' Night events.
"</objective>
  
  
	
	
  
  <title>European Researchers' Night 2014 and 2015 in Israel</title>
  
  
	
	
  
  <totalCost>808050</totalCost>
  
  
	
	
  
  <ecMaxContribution>300000</ecMaxContribution>
  
  
	
	
  
  <startDate>2014-05-01</startDate>
  
  
	
	
  
  <endDate>2015-11-01</endDate>
  
  
	
	
  
  <contract>
    
    
		
    
    <duration>18</duration>
    
    
	
  
  </contract>
  
  
	
  
  <status>SIGNED</status>
  
  
	
	
  
  <contentCreationDate>2015-05-05 15:57:36</contentCreationDate>
  
  
	
	
  
  <contentUpdateDate>2015-05-05 15:57:36</contentUpdateDate>
  
  
	
	
  
  <lastUpdateDate>2015-05-05 15:57:36</lastUpdateDate>
  
  
	
	
  
  <relations>
    
    
		
    
    <associations>
      
      
			
      
      
			
      
      
			
      
      
			
      
      
			
      
      
			
      
      
			
      
      
			
      
      
			
      
      
			
      
      
			
      
      
			
      
      
			
      
      
			
      
      
			
      
      
		
    
        
				
        
      <programme type="relatedProgramme">
        
          
					
          
        <availableLanguages>en</availableLanguages>
        
          
					
          
        <rcn>664119</rcn>
        
          
					
          
        <code>H2020-EU.1.3.5.</code>
        
          
					
          
        <pga>H2020-EU.1.3.5.</pga>
        
          
					
          
        <title>Specific support and policy actions</title>
        
          
					
          
        <parent>
          
            
						
            
          <parent>
            
              
							
              
            <programme>
              
                
								
                
              <rcn>664109</rcn>
              
                
								
                
              <code>H2020-EU.1.3.</code>
              
                
								
                
              <parent>
                
                  
									
                  
                <parent>
                  
                    
										
                    
                  <programme>
                    
                      
											
                      
                    <rcn>664091</rcn>
                    
                      
											
                      
                    <code>H2020-EU.1.</code>
                    
                      
											
                      
                    <parent>
                      
                        
												
                        
                      <parent>
                        
                          
													
                          
                        <programme>
                          
                            
														
                            
                          <rcn>664087</rcn>
                          
                            
														
                            
                          <code>H2020-EC</code>
                          
                            
														
                            
                          <parent>
                            
                              
															
                              
                            <parent>
                              
                                
																
                                
                              <programme>
                                
                                  
																	
                                  
                                <rcn>664086</rcn>
                                
                                  
																	
                                  
                                <code>H2020</code>
                                
                                  
																
                                
                              </programme>
                              
                                
															
                              
                            </parent>
                            
                              
														
                            
                          </parent>
                          
                            
													
                          
                        </programme>
                        
                          
												
                        
                      </parent>
                      
                        
											
                      
                    </parent>
                    
                      
										
                    
                  </programme>
                  
                    
									
                  
                </parent>
                
                  
								
                
              </parent>
              
                
							
              
            </programme>
            
              
						
            
          </parent>
          
            
					
          
        </parent>
        
          
				
        
      </programme>
      
        
			
      
        
				
        
      <programme type="relatedSubProgramme">
        
          
					
          
        <availableLanguages>en,any</availableLanguages>
        
          
					
          
        <rcn>664549</rcn>
        
          
					
          
        <code>MSCA-NIGHT-2014</code>
        
          
					
          
        <title>European Researchers' Night (NIGHT)</title>
        
          
					
          
        <parent>
          
            
						
            
          <parent>
            
              
							
              
            <programme>
              
                
								
                
              <rcn>20200</rcn>
              
                
								
                
              <code>H2020-Topics</code>
              
                
							
              
            </programme>
            
              
						
            
          </parent>
          
            
					
          
        </parent>
        
          
				
        
      </programme>
      
        
			
      
        
				
        
      <call type="relatedCall">
        
          
					
          
        <rcn>186</rcn>
        
          
					
          
        <title>H2020-MSCA-NIGHT-2014</title>
        
          
					
          
        <identifier>H2020-MSCA-NIGHT-2014</identifier>
        
          
				
        
      </call>
      
        
			
      
        
				
        
      <organization order="1" ecContribution="41660" terminated="false" type="coordinator">
        
          
					
          
        <availableLanguages>en</availableLanguages>
        
          
					
          
        <rcn>2233493</rcn>
        
          
					
          
        <legalName>ISRAEL NATIONAL MUSEUM OF SCIENCE, TECHNOLOGY AND SPACE DANIEL AND MATILDE RECANATI CENTER</legalName>
        
          
					
          
        <shortName>ISRAEL NATIONAL MUSEUM OF SCIENCE, TECHNOLOGY AND SPACE DANIEL AND MATILDE RECANATI CENTER</shortName>
        
          
					
          
        <address>
          
            
						
            
          <country>IL</country>
          
            
					
          
        </address>
        
          
					
          
        <relations>
          
            
						
            
          <regions>
            
              
							
              
              
						
            
                
								
                
            <region type="relatedRegion">
              
                  
									
                  
              <rcn>307661352</rcn>
              
                  
									
                  
              <name>Israel</name>
              
                  
									
                  
              <nutsCode>IL</nutsCode>
              
                  
									
                  
              <euCode>IL</euCode>
              
                  
									
                  
              <isoCode>IL</isoCode>
              
                  
									
                  
              <parents>
                
                    
										
                    
                <parents>
                  
                      
											
                      
                  <region>
                    
                        
												
                        
                    <rcn>4</rcn>
                    
                        
												
                        
                    <nutsCode>regionWorld</nutsCode>
                    
                        
												
                        
                    <euCode>regionWorld</euCode>
                    
                        
												
                        
                    <isoCode>regionWorld</isoCode>
                    
                        
											
                      
                  </region>
                  
                      
										
                    
                </parents>
                
                    
										
                    
                <parents>
                  
                      
											
                      
                  <region>
                    
                        
												
                        
                    <rcn>6</rcn>
                    
                        
												
                        
                    <nutsCode>regionEuAssociated</nutsCode>
                    
                        
												
                        
                    <euCode>regionEuAssociated</euCode>
                    
                        
												
                        
                    <isoCode>regionEuAssociated</isoCode>
                    
                        
											
                      
                  </region>
                  
                      
										
                    
                </parents>
                
                    
									
                  
              </parents>
              
                  
								
                
            </region>
            
                
							
              
          </regions>
          
            
						
            
          <categories>
            
              
							
              
            <category classification="organizationActivityType" type="relatedOrganizationActivityType">
              
                
								
                
              <code>PUB</code>
              
                
								
                
                
							
              
            </category>
            
              
						
            
          </categories>
          
            
					
          
        </relations>
        
          
				
        
      </organization>
      
        
			
      
        
				
        
      <organization order="3" ecContribution="20993" terminated="false" type="participant">
        
          
					
          
        <availableLanguages>en</availableLanguages>
        
          
					
          
        <rcn>2233495</rcn>
        
          
					
          
        <legalName>WEIZMANN INSTITUTE OF SCIENCE</legalName>
        
          
					
          
        <shortName>WEIZMANN</shortName>
        
          
					
          
        <address>
          
            
						
            
          <country>IL</country>
          
            
					
          
        </address>
        
          
					
          
        <relations>
          
            
						
            
          <regions>
            
              
							
              
              
						
            
                
								
                
            <region type="relatedRegion">
              
                  
									
                  
              <rcn>307661352</rcn>
              
                  
									
                  
              <name>Israel</name>
              
                  
									
                  
              <nutsCode>IL</nutsCode>
              
                  
									
                  
              <euCode>IL</euCode>
              
                  
									
                  
              <isoCode>IL</isoCode>
              
                  
									
                  
              <parents>
                
                    
										
                    
                <parents>
                  
                      
											
                      
                  <region>
                    
                        
												
                        
                    <rcn>4</rcn>
                    
                        
												
                        
                    <nutsCode>regionWorld</nutsCode>
                    
                        
												
                        
                    <euCode>regionWorld</euCode>
                    
                        
												
                        
                    <isoCode>regionWorld</isoCode>
                    
                        
											
                      
                  </region>
                  
                      
										
                    
                </parents>
                
                    
										
                    
                <parents>
                  
                      
											
                      
                  <region>
                    
                        
												
                        
                    <rcn>6</rcn>
                    
                        
												
                        
                    <nutsCode>regionEuAssociated</nutsCode>
                    
                        
												
                        
                    <euCode>regionEuAssociated</euCode>
                    
                        
												
                        
                    <isoCode>regionEuAssociated</isoCode>
                    
                        
											
                      
                  </region>
                  
                      
										
                    
                </parents>
                
                    
									
                  
              </parents>
              
                  
								
                
            </region>
            
                
							
              
          </regions>
          
            
						
            
          <categories>
            
              
							
              
            <category classification="organizationActivityType" type="relatedOrganizationActivityType">
              
                
								
                
              <code>HES</code>
              
                
								
                
                
							
              
            </category>
            
              
						
            
          </categories>
          
            
					
          
        </relations>
        
          
				
        
      </organization>
      
        
			
      
        
				
        
      <organization order="6" ecContribution="21034" terminated="false" type="participant">
        
          
					
          
        <availableLanguages>en</availableLanguages>
        
          
					
          
        <rcn>2233498</rcn>
        
          
					
          
        <legalName>THE HEBREW UNIVERSITY OF JERUSALEM</legalName>
        
          
					
          
        <shortName>HUJI</shortName>
        
          
					
          
        <address>
          
            
						
            
          <country>IL</country>
          
            
					
          
        </address>
        
          
					
          
        <relations>
          
            
						
            
          <regions>
            
              
							
              
              
						
            
                
								
                
            <region type="relatedRegion">
              
                  
									
                  
              <rcn>307661352</rcn>
              
                  
									
                  
              <name>Israel</name>
              
                  
									
                  
              <nutsCode>IL</nutsCode>
              
                  
									
                  
              <euCode>IL</euCode>
              
                  
									
                  
              <isoCode>IL</isoCode>
              
                  
									
                  
              <parents>
                
                    
										
                    
                <parents>
                  
                      
											
                      
                  <region>
                    
                        
												
                        
                    <rcn>4</rcn>
                    
                        
												
                        
                    <nutsCode>regionWorld</nutsCode>
                    
                        
												
                        
                    <euCode>regionWorld</euCode>
                    
                        
												
                        
                    <isoCode>regionWorld</isoCode>
                    
                        
											
                      
                  </region>
                  
                      
										
                    
                </parents>
                
                    
										
                    
                <parents>
                  
                      
											
                      
                  <region>
                    
                        
												
                        
                    <rcn>6</rcn>
                    
                        
												
                        
                    <nutsCode>regionEuAssociated</nutsCode>
                    
                        
												
                        
                    <euCode>regionEuAssociated</euCode>
                    
                        
												
                        
                    <isoCode>regionEuAssociated</isoCode>
                    
                        
											
                      
                  </region>
                  
                      
										
                    
                </parents>
                
                    
									
                  
              </parents>
              
                  
								
                
            </region>
            
                
							
              
          </regions>
          
            
						
            
          <categories>
            
              
							
              
            <category classification="organizationActivityType" type="relatedOrganizationActivityType">
              
                
								
                
              <code>HES</code>
              
                
								
                
                
							
              
            </category>
            
              
						
            
          </categories>
          
            
					
          
        </relations>
        
          
				
        
      </organization>
      
        
			
      
        
				
        
      <organization order="12" ecContribution="42118" terminated="false" type="participant">
        
          
					
          
        <availableLanguages>en</availableLanguages>
        
          
					
          
        <rcn>2233504</rcn>
        
          
					
          
        <legalName>ISRAEL OCEANOGRAPHIC AND LIMNOLOGICAL RESEARCH LIMITED</legalName>
        
          
					
          
        <shortName>IOLR</shortName>
        
          
					
          
        <address>
          
            
						
            
          <country>IL</country>
          
            
					
          
        </address>
        
          
					
          
        <relations>
          
            
						
            
          <regions>
            
              
							
              
              
						
            
                
								
                
            <region type="relatedRegion">
              
                  
									
                  
              <rcn>307661352</rcn>
              
                  
									
                  
              <name>Israel</name>
              
                  
									
                  
              <nutsCode>IL</nutsCode>
              
                  
									
                  
              <euCode>IL</euCode>
              
                  
									
                  
              <isoCode>IL</isoCode>
              
                  
									
                  
              <parents>
                
                    
										
                    
                <parents>
                  
                      
											
                      
                  <region>
                    
                        
												
                        
                    <rcn>4</rcn>
                    
                        
												
                        
                    <nutsCode>regionWorld</nutsCode>
                    
                        
												
                        
                    <euCode>regionWorld</euCode>
                    
                        
												
                        
                    <isoCode>regionWorld</isoCode>
                    
                        
											
                      
                  </region>
                  
                      
										
                    
                </parents>
                
                    
										
                    
                <parents>
                  
                      
											
                      
                  <region>
                    
                        
												
                        
                    <rcn>6</rcn>
                    
                        
												
                        
                    <nutsCode>regionEuAssociated</nutsCode>
                    
                        
												
                        
                    <euCode>regionEuAssociated</euCode>
                    
                        
												
                        
                    <isoCode>regionEuAssociated</isoCode>
                    
                        
											
                      
                  </region>
                  
                      
										
                    
                </parents>
                
                    
									
                  
              </parents>
              
                  
								
                
            </region>
            
                
							
              
          </regions>
          
            
						
            
          <categories>
            
              
							
              
            <category classification="organizationActivityType" type="relatedOrganizationActivityType">
              
                
								
                
              <code>REC</code>
              
                
								
                
                
							
              
            </category>
            
              
						
            
          </categories>
          
            
					
          
        </relations>
        
          
				
        
      </organization>
      
        
			
      
        
				
        
      <organization order="7" ecContribution="21011" terminated="false" type="participant">
        
          
					
          
        <availableLanguages>en</availableLanguages>
        
          
					
          
        <rcn>2233499</rcn>
        
          
					
          
        <legalName>TEL AVIV UNIVERSITY</legalName>
        
          
					
          
        <shortName>TAU</shortName>
        
          
					
          
        <address>
          
            
						
            
          <country>IL</country>
          
            
					
          
        </address>
        
          
					
          
        <relations>
          
            
						
            
          <regions>
            
              
							
              
              
						
            
                
								
                
            <region type="relatedRegion">
              
                  
									
                  
              <rcn>307661352</rcn>
              
                  
									
                  
              <name>Israel</name>
              
                  
									
                  
              <nutsCode>IL</nutsCode>
              
                  
									
                  
              <euCode>IL</euCode>
              
                  
									
                  
              <isoCode>IL</isoCode>
              
                  
									
                  
              <parents>
                
                    
										
                    
                <parents>
                  
                      
											
                      
                  <region>
                    
                        
												
                        
                    <rcn>4</rcn>
                    
                        
												
                        
                    <nutsCode>regionWorld</nutsCode>
                    
                        
												
                        
                    <euCode>regionWorld</euCode>
                    
                        
												
                        
                    <isoCode>regionWorld</isoCode>
                    
                        
											
                      
                  </region>
                  
                      
										
                    
                </parents>
                
                    
										
                    
                <parents>
                  
                      
											
                      
                  <region>
                    
                        
												
                        
                    <rcn>6</rcn>
                    
                        
												
                        
                    <nutsCode>regionEuAssociated</nutsCode>
                    
                        
												
                        
                    <euCode>regionEuAssociated</euCode>
                    
                        
												
                        
                    <isoCode>regionEuAssociated</isoCode>
                    
                        
											
                      
                  </region>
                  
                      
										
                    
                </parents>
                
                    
									
                  
              </parents>
              
                  
								
                
            </region>
            
                
							
              
          </regions>
          
            
						
            
          <categories>
            
              
							
              
            <category classification="organizationActivityType" type="relatedOrganizationActivityType">
              
                
								
                
              <code>HES</code>
              
                
								
                
                
							
              
            </category>
            
              
						
            
          </categories>
          
            
					
          
        </relations>
        
          
				
        
      </organization>
      
        
			
      
        
				
        
      <organization order="11" ecContribution="21116" terminated="false" type="participant">
        
          
					
          
        <availableLanguages>en</availableLanguages>
        
          
					
          
        <rcn>2233503</rcn>
        
          
					
          
        <legalName>BAR ILAN UNIVERSITY</legalName>
        
          
					
          
        <shortName>BIU</shortName>
        
          
					
          
        <address>
          
            
						
            
          <country>IL</country>
          
            
					
          
        </address>
        
          
					
          
        <relations>
          
            
						
            
          <regions>
            
              
							
              
              
						
            
                
								
                
            <region type="relatedRegion">
              
                  
									
                  
              <rcn>307661352</rcn>
              
                  
									
                  
              <name>Israel</name>
              
                  
									
                  
              <nutsCode>IL</nutsCode>
              
                  
									
                  
              <euCode>IL</euCode>
              
                  
									
                  
              <isoCode>IL</isoCode>
              
                  
									
                  
              <parents>
                
                    
										
                    
                <parents>
                  
                      
											
                      
                  <region>
                    
                        
												
                        
                    <rcn>4</rcn>
                    
                        
												
                        
                    <nutsCode>regionWorld</nutsCode>
                    
                        
												
                        
                    <euCode>regionWorld</euCode>
                    
                        
												
                        
                    <isoCode>regionWorld</isoCode>
                    
                        
											
                      
                  </region>
                  
                      
										
                    
                </parents>
                
                    
										
                    
                <parents>
                  
                      
											
                      
                  <region>
                    
                        
												
                        
                    <rcn>6</rcn>
                    
                        
												
                        
                    <nutsCode>regionEuAssociated</nutsCode>
                    
                        
												
                        
                    <euCode>regionEuAssociated</euCode>
                    
                        
												
                        
                    <isoCode>regionEuAssociated</isoCode>
                    
                        
											
                      
                  </region>
                  
                      
										
                    
                </parents>
                
                    
									
                  
              </parents>
              
                  
								
                
            </region>
            
                
							
              
          </regions>
          
            
						
            
          <categories>
            
              
							
              
            <category classification="organizationActivityType" type="relatedOrganizationActivityType">
              
                
								
                
              <code>HES</code>
              
                
								
                
                
							
              
            </category>
            
              
						
            
          </categories>
          
            
					
          
        </relations>
        
          
				
        
      </organization>
      
        
			
      
        
				
        
      <organization order="10" ecContribution="21115" terminated="false" type="participant">
        
          
					
          
        <availableLanguages>en</availableLanguages>
        
          
					
          
        <rcn>2233502</rcn>
        
          
					
          
        <legalName>THE OPEN UNIVERSITY*</legalName>
        
          
					
          
        <shortName>THE OPEN UNIVERSITY</shortName>
        
          
					
          
        <address>
          
            
						
            
          <country>IL</country>
          
            
					
          
        </address>
        
          
					
          
        <relations>
          
            
						
            
          <regions>
            
              
							
              
              
						
            
                
								
                
            <region type="relatedRegion">
              
                  
									
                  
              <rcn>307661352</rcn>
              
                  
									
                  
              <name>Israel</name>
              
                  
									
                  
              <nutsCode>IL</nutsCode>
              
                  
									
                  
              <euCode>IL</euCode>
              
                  
									
                  
              <isoCode>IL</isoCode>
              
                  
									
                  
              <parents>
                
                    
										
                    
                <parents>
                  
                      
											
                      
                  <region>
                    
                        
												
                        
                    <rcn>4</rcn>
                    
                        
												
                        
                    <nutsCode>regionWorld</nutsCode>
                    
                        
												
                        
                    <euCode>regionWorld</euCode>
                    
                        
												
                        
                    <isoCode>regionWorld</isoCode>
                    
                        
											
                      
                  </region>
                  
                      
										
                    
                </parents>
                
                    
										
                    
                <parents>
                  
                      
											
                      
                  <region>
                    
                        
												
                        
                    <rcn>6</rcn>
                    
                        
												
                        
                    <nutsCode>regionEuAssociated</nutsCode>
                    
                        
												
                        
                    <euCode>regionEuAssociated</euCode>
                    
                        
												
                        
                    <isoCode>regionEuAssociated</isoCode>
                    
                        
											
                      
                  </region>
                  
                      
										
                    
                </parents>
                
                    
									
                  
              </parents>
              
                  
								
                
            </region>
            
                
							
              
          </regions>
          
            
						
            
          <categories>
            
              
							
              
            <category classification="organizationActivityType" type="relatedOrganizationActivityType">
              
                
								
                
              <code>HES</code>
              
                
								
                
                
							
              
            </category>
            
              
						
            
          </categories>
          
            
					
          
        </relations>
        
          
				
        
      </organization>
      
        
			
      
        
				
        
      <organization order="2" ecContribution="20812" terminated="false" type="participant">
        
          
					
          
        <availableLanguages>en</availableLanguages>
        
          
					
          
        <rcn>2233494</rcn>
        
          
					
          
        <legalName>MIGAL GALILEE RESEARCH INSTITUTE LTD</legalName>
        
          
					
          
        <shortName>MIGAL</shortName>
        
          
					
          
        <address>
          
            
						
            
          <country>IL</country>
          
            
					
          
        </address>
        
          
					
          
        <relations>
          
            
						
            
          <regions>
            
              
							
              
              
						
            
                
								
                
            <region type="relatedRegion">
              
                  
									
                  
              <rcn>307661352</rcn>
              
                  
									
                  
              <name>Israel</name>
              
                  
									
                  
              <nutsCode>IL</nutsCode>
              
                  
									
                  
              <euCode>IL</euCode>
              
                  
									
                  
              <isoCode>IL</isoCode>
              
                  
									
                  
              <parents>
                
                    
										
                    
                <parents>
                  
                      
											
                      
                  <region>
                    
                        
												
                        
                    <rcn>4</rcn>
                    
                        
												
                        
                    <nutsCode>regionWorld</nutsCode>
                    
                        
												
                        
                    <euCode>regionWorld</euCode>
                    
                        
												
                        
                    <isoCode>regionWorld</isoCode>
                    
                        
											
                      
                  </region>
                  
                      
										
                    
                </parents>
                
                    
										
                    
                <parents>
                  
                      
											
                      
                  <region>
                    
                        
												
                        
                    <rcn>6</rcn>
                    
                        
												
                        
                    <nutsCode>regionEuAssociated</nutsCode>
                    
                        
												
                        
                    <euCode>regionEuAssociated</euCode>
                    
                        
												
                        
                    <isoCode>regionEuAssociated</isoCode>
                    
                        
											
                      
                  </region>
                  
                      
										
                    
                </parents>
                
                    
									
                  
              </parents>
              
                  
								
                
            </region>
            
                
							
              
          </regions>
          
            
						
            
          <categories>
            
              
							
              
            <category classification="organizationActivityType" type="relatedOrganizationActivityType">
              
                
								
                
              <code>PRC</code>
              
                
								
                
                
							
              
            </category>
            
              
						
            
          </categories>
          
            
					
          
        </relations>
        
          
				
        
      </organization>
      
        
			
      
        
				
        
      <organization order="5" ecContribution="21154" terminated="false" type="participant">
        
          
					
          
        <availableLanguages>en</availableLanguages>
        
          
					
          
        <rcn>2233497</rcn>
        
          
					
          
        <legalName>Bloomfield Science Museum Jerusalem (BSMJ)</legalName>
        
          
					
          
        <shortName>BSMJ</shortName>
        
          
					
          
        <address>
          
            
						
            
          <country>IL</country>
          
            
					
          
        </address>
        
          
					
          
        <relations>
          
            
						
            
          <regions>
            
              
							
              
              
						
            
                
								
                
            <region type="relatedRegion">
              
                  
									
                  
              <rcn>307661352</rcn>
              
                  
									
                  
              <name>Israel</name>
              
                  
									
                  
              <nutsCode>IL</nutsCode>
              
                  
									
                  
              <euCode>IL</euCode>
              
                  
									
                  
              <isoCode>IL</isoCode>
              
                  
									
                  
              <parents>
                
                    
										
                    
                <parents>
                  
                      
											
                      
                  <region>
                    
                        
												
                        
                    <rcn>4</rcn>
                    
                        
												
                        
                    <nutsCode>regionWorld</nutsCode>
                    
                        
												
                        
                    <euCode>regionWorld</euCode>
                    
                        
												
                        
                    <isoCode>regionWorld</isoCode>
                    
                        
											
                      
                  </region>
                  
                      
										
                    
                </parents>
                
                    
										
                    
                <parents>
                  
                      
											
                      
                  <region>
                    
                        
												
                        
                    <rcn>6</rcn>
                    
                        
												
                        
                    <nutsCode>regionEuAssociated</nutsCode>
                    
                        
												
                        
                    <euCode>regionEuAssociated</euCode>
                    
                        
												
                        
                    <isoCode>regionEuAssociated</isoCode>
                    
                        
											
                      
                  </region>
                  
                      
										
                    
                </parents>
                
                    
									
                  
              </parents>
              
                  
								
                
            </region>
            
                
							
              
          </regions>
          
            
						
            
          <categories>
            
              
							
              
            <category classification="organizationActivityType" type="relatedOrganizationActivityType">
              
                
								
                
              <code>HES</code>
              
                
								
                
                
							
              
            </category>
            
              
						
            
          </categories>
          
            
					
          
        </relations>
        
          
				
        
      </organization>
      
        
			
      
        
				
        
      <organization order="9" ecContribution="27074" terminated="false" type="participant">
        
          
					
          
        <availableLanguages>en</availableLanguages>
        
          
					
          
        <rcn>2233501</rcn>
        
          
					
          
        <legalName>UNIVERSITY OF HAIFA</legalName>
        
          
					
          
        <shortName>UNIVERSITY OF HAIFA</shortName>
        
          
					
          
        <address>
          
            
						
            
          <country>IL</country>
          
            
					
          
        </address>
        
          
					
          
        <relations>
          
            
						
            
          <regions>
            
              
							
              
              
						
            
                
								
                
            <region type="relatedRegion">
              
                  
									
                  
              <rcn>307661352</rcn>
              
                  
									
                  
              <name>Israel</name>
              
                  
									
                  
              <nutsCode>IL</nutsCode>
              
                  
									
                  
              <euCode>IL</euCode>
              
                  
									
                  
              <isoCode>IL</isoCode>
              
                  
									
                  
              <parents>
                
                    
										
                    
                <parents>
                  
                      
											
                      
                  <region>
                    
                        
												
                        
                    <rcn>4</rcn>
                    
                        
												
                        
                    <nutsCode>regionWorld</nutsCode>
                    
                        
												
                        
                    <euCode>regionWorld</euCode>
                    
                        
												
                        
                    <isoCode>regionWorld</isoCode>
                    
                        
											
                      
                  </region>
                  
                      
										
                    
                </parents>
                
                    
										
                    
                <parents>
                  
                      
											
                      
                  <region>
                    
                        
												
                        
                    <rcn>6</rcn>
                    
                        
												
                        
                    <nutsCode>regionEuAssociated</nutsCode>
                    
                        
												
                        
                    <euCode>regionEuAssociated</euCode>
                    
                        
												
                        
                    <isoCode>regionEuAssociated</isoCode>
                    
                        
											
                      
                  </region>
                  
                      
										
                    
                </parents>
                
                    
									
                  
              </parents>
              
                  
								
                
            </region>
            
                
							
              
          </regions>
          
            
						
            
          <categories>
            
              
							
              
            <category classification="organizationActivityType" type="relatedOrganizationActivityType">
              
                
								
                
              <code>HES</code>
              
                
								
                
                
							
              
            </category>
            
              
						
            
          </categories>
          
            
					
          
        </relations>
        
          
				
        
      </organization>
      
        
			
      
        
				
        
      <organization order="8" ecContribution="20993" terminated="false" type="participant">
        
          
					
          
        <availableLanguages>en</availableLanguages>
        
          
					
          
        <rcn>2233500</rcn>
        
          
					
          
        <legalName>SAMI SHAMOON COLLEGE OF ENGINEERING (R.A.) FRIENDLY SOCIETY</legalName>
        
          
					
          
        <shortName>SAMI SHAMOON COLLEGE OF ENGINEERING (R.A.) FRIENDLY SOCIETY</shortName>
        
          
					
          
        <address>
          
            
						
            
          <country>IL</country>
          
            
					
          
        </address>
        
          
					
          
        <relations>
          
            
						
            
          <regions>
            
              
							
              
              
						
            
                
								
                
            <region type="relatedRegion">
              
                  
									
                  
              <rcn>307661352</rcn>
              
                  
									
                  
              <name>Israel</name>
              
                  
									
                  
              <nutsCode>IL</nutsCode>
              
                  
									
                  
              <euCode>IL</euCode>
              
                  
									
                  
              <isoCode>IL</isoCode>
              
                  
									
                  
              <parents>
                
                    
										
                    
                <parents>
                  
                      
											
                      
                  <region>
                    
                        
												
                        
                    <rcn>4</rcn>
                    
                        
												
                        
                    <nutsCode>regionWorld</nutsCode>
                    
                        
												
                        
                    <euCode>regionWorld</euCode>
                    
                        
												
                        
                    <isoCode>regionWorld</isoCode>
                    
                        
											
                      
                  </region>
                  
                      
										
                    
                </parents>
                
                    
										
                    
                <parents>
                  
                      
											
                      
                  <region>
                    
                        
												
                        
                    <rcn>6</rcn>
                    
                        
												
                        
                    <nutsCode>regionEuAssociated</nutsCode>
                    
                        
												
                        
                    <euCode>regionEuAssociated</euCode>
                    
                        
												
                        
                    <isoCode>regionEuAssociated</isoCode>
                    
                        
											
                      
                  </region>
                  
                      
										
                    
                </parents>
                
                    
									
                  
              </parents>
              
                  
								
                
            </region>
            
                
							
              
          </regions>
          
            
						
            
          <categories>
            
              
							
              
            <category classification="organizationActivityType" type="relatedOrganizationActivityType">
              
                
								
                
              <code>HES</code>
              
                
								
                
                
							
              
            </category>
            
              
						
            
          </categories>
          
            
					
          
        </relations>
        
          
				
        
      </organization>
      
        
			
      
        
				
        
      <organization order="4" ecContribution="20920" terminated="false" type="participant">
        
          
					
          
        <availableLanguages>en</availableLanguages>
        
          
					
          
        <rcn>2233496</rcn>
        
          
					
          
        <legalName>TECHNION - ISRAEL INSTITUTE OF TECHNOLOGY</legalName>
        
          
					
          
        <shortName>TECHNION ISRAEL INSTITUTE OF TECHNOLOGY</shortName>
        
          
					
          
        <address>
          
            
						
            
          <country>IL</country>
          
            
					
          
        </address>
        
          
					
          
        <relations>
          
            
						
            
          <regions>
            
              
							
              
              
						
            
                
								
                
            <region type="relatedRegion">
              
                  
									
                  
              <rcn>307661352</rcn>
              
                  
									
                  
              <name>Israel</name>
              
                  
									
                  
              <nutsCode>IL</nutsCode>
              
                  
									
                  
              <euCode>IL</euCode>
              
                  
									
                  
              <isoCode>IL</isoCode>
              
                  
									
                  
              <parents>
                
                    
										
                    
                <parents>
                  
                      
											
                      
                  <region>
                    
                        
												
                        
                    <rcn>4</rcn>
                    
                        
												
                        
                    <nutsCode>regionWorld</nutsCode>
                    
                        
												
                        
                    <euCode>regionWorld</euCode>
                    
                        
												
                        
                    <isoCode>regionWorld</isoCode>
                    
                        
											
                      
                  </region>
                  
                      
										
                    
                </parents>
                
                    
										
                    
                <parents>
                  
                      
											
                      
                  <region>
                    
                        
												
                        
                    <rcn>6</rcn>
                    
                        
												
                        
                    <nutsCode>regionEuAssociated</nutsCode>
                    
                        
												
                        
                    <euCode>regionEuAssociated</euCode>
                    
                        
												
                        
                    <isoCode>regionEuAssociated</isoCode>
                    
                        
											
                      
                  </region>
                  
                      
										
                    
                </parents>
                
                    
									
                  
              </parents>
              
                  
								
                
            </region>
            
                
							
              
          </regions>
          
            
						
            
          <categories>
            
              
							
              
            <category classification="organizationActivityType" type="relatedOrganizationActivityType">
              
                
								
                
              <code>HES</code>
              
                
								
                
                
							
              
            </category>
            
              
						
            
          </categories>
          
            
					
          
        </relations>
        
          
				
        
      </organization>
      
        
			
      
    </associations>
    
    
		
    
    <categories>
      
      
			
      
      <category classification="projectFundingSchemeCategory" type="relatedProjectFundingSchemeCategory">
        
        
				
        
        <availableLanguages>en</availableLanguages>
        
        
				
        
        <code>CSA</code>
        
        
				
        
        <title>Coordination and support actions</title>
        
        
				
        
        
			
      
      </category>
      
      
		
    
    </categories>
    
    
	
  
  </relations>
  
  
	


</project>

