<?xml version="1.0" encoding="UTF-8"?>
<project xmlns="http://cordis.europa.eu">
  
  
	
	
  
  <language>en</language>
  
  
	
  
  <availableLanguages>en</availableLanguages>
  
  
	
  
  <rcn>193157</rcn>
  
  
	
	
  
  <reference>632927</reference>
  
  
	
	
  
  <acronym>ERC-EuropePMC-1-2014</acronym>
  
  
	
	
  
  <teaser>"The proposed action will provide continued support to the European Research Council (ERC) in the implementation of its Open Access strategy for projects funded in the Life Sciences domain. It follows on from the project ""Support towards the Europe PMC initiative-Contribution...</teaser>
  
  
	
	
  
  <objective>"The proposed action will provide continued support to the European Research Council (ERC) in the implementation of its Open Access strategy for projects funded in the Life Sciences domain. It follows on from the project ""Support towards the Europe PMC initiative-Contribution for 2013""(ERC-EuropePMC-SUP-2013) which has allowed the ERC to offer the benefits of Europe PMC to its funded researchers for the first time in 2013. The ERC Open Access strategy, and how the present project will assist the ERC in its implementation, is explained below"</objective>
  
  
	
	
  
  <title>Support towards the Europe PMC initiative-Contribution for 2014-2016</title>
  
  
	
	
  
  <totalCost>230000</totalCost>
  
  
	
	
  
  <ecMaxContribution>230000</ecMaxContribution>
  
  
	
	
  
  <startDate>2014-01-01</startDate>
  
  
	
	
  
  <endDate>2016-04-01</endDate>
  
  
	
	
  
  <contract>
    
    
		
    
    <duration>27</duration>
    
    
	
  
  </contract>
  
  
	
  
  <status>SIGNED</status>
  
  
	
	
  
  <contentCreationDate>2015-05-04 15:22:17</contentCreationDate>
  
  
	
	
  
  <contentUpdateDate>2015-05-05 15:55:09</contentUpdateDate>
  
  
	
	
  
  <lastUpdateDate>2015-05-05 15:55:09</lastUpdateDate>
  
  
	
	
  
  <relations>
    
    
		
    
    <associations>
      
      
			
      
      
			
      
      
			
      
      
			
      
      
			
      
      
		
    
        
				
        
      <programme type="relatedProgramme">
        
          
					
          
        <availableLanguages>en</availableLanguages>
        
          
					
          
        <rcn>664099</rcn>
        
          
					
          
        <code>H2020-EU.1.1.</code>
        
          
					
          
        <pga>H2020-EU.1.1.</pga>
        
          
					
          
        <title>European Research Council</title>
        
          
					
          
        <parent>
          
            
						
            
          <parent>
            
              
							
              
            <programme>
              
                
								
                
              <rcn>664091</rcn>
              
                
								
                
              <code>H2020-EU.1.</code>
              
                
								
                
              <parent>
                
                  
									
                  
                <parent>
                  
                    
										
                    
                  <programme>
                    
                      
											
                      
                    <rcn>664087</rcn>
                    
                      
											
                      
                    <code>H2020-EC</code>
                    
                      
											
                      
                    <parent>
                      
                        
												
                        
                      <parent>
                        
                          
													
                          
                        <programme>
                          
                            
														
                            
                          <rcn>664086</rcn>
                          
                            
														
                            
                          <code>H2020</code>
                          
                            
													
                          
                        </programme>
                        
                          
												
                        
                      </parent>
                      
                        
											
                      
                    </parent>
                    
                      
										
                    
                  </programme>
                  
                    
									
                  
                </parent>
                
                  
								
                
              </parent>
              
                
							
              
            </programme>
            
              
						
            
          </parent>
          
            
					
          
        </parent>
        
          
				
        
      </programme>
      
        
			
      
        
				
        
      <programme type="relatedProgramme">
        
          
					
          
        <availableLanguages>en</availableLanguages>
        
          
					
          
        <rcn>664087</rcn>
        
          
					
          
        <code>H2020-EC</code>
        
          
					
          
        <pga>H2020-EC</pga>
        
          
					
          
        <title>EC Treaty</title>
        
          
					
          
        <parent>
          
            
						
            
          <parent>
            
              
							
              
            <programme>
              
                
								
                
              <rcn>664086</rcn>
              
                
								
                
              <code>H2020</code>
              
                
							
              
            </programme>
            
              
						
            
          </parent>
          
            
					
          
        </parent>
        
          
				
        
      </programme>
      
        
			
      
        
				
        
      <programme type="relatedSubProgramme">
        
          
					
          
        <availableLanguages>en</availableLanguages>
        
          
					
          
        <rcn>672709</rcn>
        
          
					
          
        <code>ERC</code>
        
          
				
        
      </programme>
      
        
			
      
        
				
        
      <call type="relatedCall">
        
          
					
          
        <rcn>857</rcn>
        
          
					
          
        <title>H2020-Adhoc-2014-20</title>
        
          
					
          
        <identifier>H2020-Adhoc-2014-20</identifier>
        
          
				
        
      </call>
      
        
			
      
        
				
        
      <organization order="1" ecContribution="230000" terminated="false" type="coordinator">
        
          
					
          
        <availableLanguages>en</availableLanguages>
        
          
					
          
        <rcn>2233119</rcn>
        
          
					
          
        <legalName>THE WELLCOME TRUST LIMITED</legalName>
        
          
					
          
        <shortName>THE WELLCOME TRUST LIMITED</shortName>
        
          
					
          
        <address>
          
            
						
            
          <country>UK</country>
          
            
					
          
        </address>
        
          
					
          
        <relations>
          
            
						
            
          <regions>
            
              
							
              
              
						
            
                
								
                
            <region type="relatedRegion">
              
                  
									
                  
              <rcn>508725800</rcn>
              
                  
									
                  
              <name>United Kingdom</name>
              
                  
									
                  
              <nutsCode>UK</nutsCode>
              
                  
									
                  
              <euCode>UK</euCode>
              
                  
									
                  
              <isoCode>GB</isoCode>
              
                  
									
                  
              <parents>
                
                    
										
                    
                <parents>
                  
                      
											
                      
                  <region>
                    
                        
												
                        
                    <rcn>4</rcn>
                    
                        
												
                        
                    <nutsCode>regionWorld</nutsCode>
                    
                        
												
                        
                    <euCode>regionWorld</euCode>
                    
                        
												
                        
                    <isoCode>regionWorld</isoCode>
                    
                        
											
                      
                  </region>
                  
                      
										
                    
                </parents>
                
                    
										
                    
                <parents>
                  
                      
											
                      
                  <region>
                    
                        
												
                        
                    <rcn>5</rcn>
                    
                        
												
                        
                    <nutsCode>regionEuMemberstate</nutsCode>
                    
                        
												
                        
                    <euCode>regionEuMemberstate</euCode>
                    
                        
												
                        
                    <isoCode>regionEuMemberstate</isoCode>
                    
                        
											
                      
                  </region>
                  
                      
										
                    
                </parents>
                
                    
										
                    
                <parents>
                  
                      
											
                      
                  <region>
                    
                        
												
                        
                    <rcn>6</rcn>
                    
                        
												
                        
                    <nutsCode>regionEuAssociated</nutsCode>
                    
                        
												
                        
                    <euCode>regionEuAssociated</euCode>
                    
                        
												
                        
                    <isoCode>regionEuAssociated</isoCode>
                    
                        
											
                      
                  </region>
                  
                      
										
                    
                </parents>
                
                    
									
                  
              </parents>
              
                  
								
                
            </region>
            
                
							
              
          </regions>
          
            
						
            
          <categories>
            
              
							
              
            <category classification="organizationActivityType" type="relatedOrganizationActivityType">
              
                
								
                
              <code>PRC</code>
              
                
								
                
                
							
              
            </category>
            
              
						
            
          </categories>
          
            
					
          
        </relations>
        
          
				
        
      </organization>
      
        
			
      
    </associations>
    
    
		
    
    <categories>
      
      
			
      
      <category classification="projectFundingSchemeCategory" type="relatedProjectFundingSchemeCategory">
        
        
				
        
        <availableLanguages>en</availableLanguages>
        
        
				
        
        <code>CSA</code>
        
        
				
        
        <title>Coordination and support actions</title>
        
        
				
        
        
			
      
      </category>
      
      
		
    
    </categories>
    
    
	
  
  </relations>
  
  
	


</project>

